Objective Description,Course Number,Skill Tags
Describe the major subdisciplines of psychology and the kinds of questions each addresses,Beh Sci 110,nature_of_science|logical_structure_analysis|scientific_skepticism|interdisciplinary_transfer
Explain foundational theories of human behavior and mental processes,Beh Sci 110,hypothesis_formation|model_limitations|logical_structure_analysis|evidence_evaluation|nature_of_science
Apply the scientific method to evaluate evidence and claims about human behavior,Beh Sci 110,experimental_design|evidence_evaluation|hypothesis_formation|scientific_skepticism|replication_and_reproducibility
Distinguish between correlation and causation when interpreting behavioral data,Beh Sci 110,data_interpretation|inference_calibration|logical_structure_analysis|scientific_skepticism|assumption_identification
Describe how cognitive biases and heuristics influence individual decision-making,Beh Sci 110,bias_recognition|decision_framing|metacognitive_awareness|assumption_identification|inference_calibration
Explain how social and situational factors shape individual and group behavior,Beh Sci 110,perspective_taking|social_structures|identity_and_diversity|systems_thinking|human_nature_inquiry
Apply psychological principles to analyze interpersonal and organizational problems,Beh Sci 110,logical_structure_analysis|systems_thinking|interpersonal_influence|decision_framing|interdisciplinary_transfer
Demonstrate respect for human dignity and the value of diversity and inclusion in practice,Beh Sci 110,identity_and_diversity|rights_and_duties|values_clarification|integrity_and_honesty|cross_cultural_ethics|human_nature_inquiry
Use multiple perspectives to approach complex human problems in professional contexts,Beh Sci 110,perspective_taking|stakeholder_identification|assumption_identification|uncertainty_tolerance|interdisciplinary_transfer
Recognize how one's own assumptions and background influence perceptions of others,Beh Sci 110,assumption_identification|metacognitive_awareness|bias_recognition|perspective_taking|identity_and_diversity
Explain major developmental theories across the lifespan and their implications for behavior,Beh Sci 110,change_and_continuity|model_limitations|logical_structure_analysis|interdisciplinary_transfer|inference_calibration
Analyze biological bases of behavior including brain structure and neurotransmitter function,Beh Sci 110,nature_of_science|systems_thinking|interdisciplinary_transfer|quantitative_reasoning|logical_structure_analysis
Describe the psychology of stress coping and resilience and apply it to military contexts,Beh Sci 110,resilience_under_adversity|physical_and_mental_discipline|interdisciplinary_transfer|human_nature_inquiry|values_clarification
Apply principles of motivation and learning theory to training and performance contexts,Beh Sci 110,interpersonal_influence|mission_command|organizational_design|interdisciplinary_transfer|team_dynamics
Evaluate research designs in behavioral science for validity and ethical soundness,Beh Sci 110,experimental_design|replication_and_reproducibility|professional_responsibility|logical_structure_analysis|evidence_evaluation|model_limitations
Compare classical and operant conditioning and explain their role in behavior change,Beh Sci 110,hypothesis_formation|model_limitations|change_and_continuity|evidence_evaluation|interdisciplinary_transfer
Analyze personality theories and their application to leadership and team dynamics,Beh Sci 110,team_dynamics|self_leadership|interpersonal_influence|human_nature_inquiry|model_limitations|logical_structure_analysis
Describe the psychology of attitude formation persuasion and resistance to change,Beh Sci 110,interpersonal_influence|moral_reasoning|change_management|bias_recognition|human_nature_inquiry
Describe atomic structure including electron configurations and periodic trends,Chem 100,mathematical_modeling|quantitative_reasoning|logical_structure_analysis|nature_of_science
Explain chemical bonding types and predict molecular geometry using VSEPR theory,Chem 100,hypothesis_formation|logical_structure_analysis|mathematical_modeling|model_limitations
Balance chemical equations and apply stoichiometry to calculate reactant and product quantities,Chem 100,mathematical_modeling|quantitative_reasoning|quantitative_estimation|solution_validation
Classify and predict oxidation-reduction reactions and assign oxidation states,Chem 100,hypothesis_formation|logical_structure_analysis|solution_validation|quantitative_reasoning
Apply gas laws to predict behavior of gases under varying conditions of temperature and pressure,Chem 100,mathematical_modeling|model_limitations|quantitative_reasoning|hypothesis_formation|solution_validation
Calculate energy changes in chemical reactions using thermochemical principles,Chem 100,mathematical_modeling|quantitative_reasoning|quantitative_estimation|solution_validation
Explain intermolecular forces and their effects on physical properties of substances,Chem 100,inference_calibration|systems_thinking|model_limitations|logical_structure_analysis
Perform laboratory measurements with appropriate precision and use significant figures correctly,Chem 100,experimental_design|precision_of_language|quantitative_reasoning|replication_and_reproducibility|data_interpretation
Conduct quantitative and qualitative laboratory analyses and record data accurately,Chem 100,data_interpretation|experimental_design|replication_and_reproducibility|mathematical_modeling|quantitative_reasoning|written_mechanics
Produce clear technical writing that describes experimental procedures and results,Chem 100,written_mechanics|logical_organization|precision_of_language|audience_adaptation|visual_communication
Apply concepts of chemistry to Air Force and practical engineering applications,Chem 100,technology_awareness|interdisciplinary_transfer|systems_thinking|requirements_analysis
Develop critical thinking and data-driven decision making through inquiry-based learning,Chem 100,evidence_evaluation|assumption_identification|scientific_skepticism|data_interpretation|decision_framing
Identify safety hazards in laboratory environments and follow proper safety protocols,Chem 100,failure_mode_analysis|professional_responsibility|systems_thinking|accountability
Describe the properties and reactions of common functional groups in organic chemistry,Chem 100,nature_of_science|hypothesis_formation|logical_structure_analysis|systems_thinking
Explain the role of chemistry in environmental systems and sustainability,Chem 100,systems_thinking|stakeholder_identification|interdisciplinary_transfer|global_interconnectedness
Relate atomic and molecular structure to macroscopic physical properties,Chem 100,inference_calibration|model_limitations|systems_thinking|logical_structure_analysis|interdisciplinary_transfer
Compare classical and quantum mechanical models of atomic structure,Chem 100,nature_of_science|scientific_skepticism|model_limitations|change_and_continuity|evidence_evaluation
Apply dimensional analysis and unit conversion to chemistry problem-solving,Chem 100,quantitative_reasoning|mathematical_modeling|precision_of_language|solution_validation
Characterize solution properties including solubility concentration and colligative properties,Chem 200,data_interpretation|quantitative_reasoning|mathematical_modeling|experimental_design
Write and interpret rate laws and determine reaction orders from experimental data,Chem 200,experimental_design|data_interpretation|mathematical_modeling|logical_structure_analysis|inference_calibration
Calculate and apply rate constants and use integrated rate laws for zero first and second order reactions,Chem 200,mathematical_modeling|quantitative_reasoning|solution_validation|logical_structure_analysis
Explain and apply chemical equilibrium principles using Le Chatelier's principle and Keq expressions,Chem 200,hypothesis_formation|inference_calibration|mathematical_modeling|model_limitations|logical_structure_analysis
Solve acid-base equilibrium problems including pH buffers and titration calculations,Chem 200,mathematical_modeling|solution_validation|quantitative_reasoning|experimental_design
Apply thermodynamic principles including Gibbs free energy to predict reaction spontaneity,Chem 200,quantitative_reasoning|model_limitations|mathematical_modeling|inference_calibration
Analyze electrochemical cells and perform calculations using the Nernst equation,Chem 200,mathematical_modeling|quantitative_reasoning|experimental_design|solution_validation
Describe special topics such as nuclear chemistry organic chemistry and modern materials,Chem 200,technology_awareness|nature_of_science|interdisciplinary_transfer|systems_thinking
Use modern instrumentation such as infrared spectroscopy to analyze chemical samples,Chem 200,technology_awareness|data_interpretation|experimental_design|evidence_evaluation
Design and conduct laboratory experiments emphasizing qualitative and quantitative analysis,Chem 200,experimental_design|design_iteration|data_interpretation|replication_and_reproducibility|quantitative_reasoning
Integrate chemical knowledge with economic social and political context using case studies,Chem 200,socio_economic_analysis|stakeholder_identification|interdisciplinary_transfer|global_interconnectedness|systems_thinking
Interpret experimental data to draw valid scientific conclusions and assess sources of error,Chem 200,inference_calibration|failure_mode_analysis|data_interpretation|evidence_evaluation|replication_and_reproducibility|logical_structure_analysis
Apply Green Chemistry principles to evaluate environmental impacts of chemical processes,Chem 200,ethical_theory_application|trade_off_analysis|stakeholder_identification|systems_thinking|socio_economic_analysis
Describe polymer chemistry including addition and condensation polymerization reactions,Chem 200,nature_of_science|systems_thinking|logical_structure_analysis
Explain the chemistry of energetic materials and their relevance to Air Force applications,Chem 200,technology_awareness|threat_assessment|interdisciplinary_transfer|professional_responsibility
Analyze spectroscopic data to identify unknown chemical compounds,Chem 200,data_interpretation|logical_structure_analysis|inference_calibration|evidence_evaluation
Evaluate the societal and ethical implications of chemical technology and research,Chem 200,professional_responsibility|moral_reasoning|stakeholder_identification|socio_economic_analysis|ethical_theory_application|global_interconnectedness
Describe the principles and applications of chromatographic separation techniques,Chem 200,nature_of_science|experimental_design|technology_awareness|data_interpretation
Explain how computers represent and process information in binary and other encodings,Comp Sci 110,mathematical_modeling|logical_structure_analysis|quantitative_reasoning|nature_of_science
Describe the major components of computer systems and how hardware and software interact,Comp Sci 110,systems_thinking|technology_awareness|logical_structure_analysis|model_limitations
Apply algorithmic thinking to decompose and solve computational problems,Comp Sci 110,decision_framing|requirements_analysis|logical_structure_analysis|mathematical_modeling|quantitative_reasoning
Write trace and debug basic programs using a high-level programming language,Comp Sci 110,design_iteration|solution_validation|precision_of_language|failure_mode_analysis
Explain the principles and architecture of computer networks and the internet,Comp Sci 110,systems_thinking|model_limitations|technology_awareness|logical_structure_analysis
Describe the capabilities and limitations of artificial intelligence and machine learning systems,Comp Sci 110,model_limitations|uncertainty_tolerance|technology_awareness|scientific_skepticism|inference_calibration
Identify common information security vulnerabilities and methods to mitigate them,Comp Sci 110,failure_mode_analysis|threat_assessment|systems_thinking|technology_awareness|requirements_analysis
Explain how cyber operations are planned and executed as an instrument of national power,Comp Sci 110,strategic_thinking|geopolitical_analysis|intelligence_literacy|systems_thinking|threat_assessment
Evaluate the societal ethical and military implications of computing and cyber technology,Comp Sci 110,professional_responsibility|stakeholder_identification|ethical_theory_application|moral_reasoning|socio_economic_analysis|global_interconnectedness
Apply engineering problem-solving methods to analyze and address cyber system challenges,Comp Sci 110,requirements_analysis|trade_off_analysis|systems_thinking|failure_mode_analysis|design_iteration
Explain operating system functions including process management and memory allocation,Comp Sci 110,systems_thinking|mathematical_modeling|logical_structure_analysis|technology_awareness
Apply data structures such as arrays lists and trees to solve programming problems,Comp Sci 110,logical_structure_analysis|quantitative_reasoning|mathematical_modeling|decision_framing
Analyze the computational complexity of algorithms using Big-O notation,Comp Sci 110,quantitative_reasoning|mathematical_modeling|trade_off_analysis|logical_structure_analysis
Describe cloud computing architectures and their implications for data security,Comp Sci 110,systems_thinking|threat_assessment|technology_awareness|model_limitations
Explain principles of database design and write basic queries in a query language,Comp Sci 110,logical_organization|design_iteration|precision_of_language|systems_thinking
Evaluate the privacy security and civil liberties implications of surveillance and data collection,Comp Sci 110,rights_and_duties|ethical_theory_application|stakeholder_identification|professional_responsibility|social_structures|moral_reasoning
Apply version control practices to manage code development collaboratively,Comp Sci 110,team_dynamics|replication_and_reproducibility|accountability|design_iteration
Demonstrate technical communication skills by documenting code and system designs clearly,Comp Sci 110,precision_of_language|audience_adaptation|written_mechanics|visual_communication|logical_organization
Explain the core economic concepts of scarcity opportunity cost and tradeoffs,Econ 201,trade_off_analysis|decision_framing|quantitative_reasoning|logical_structure_analysis|resource_stewardship
Apply supply and demand analysis to predict how markets respond to changes in conditions,Econ 201,hypothesis_formation|quantitative_reasoning|mathematical_modeling|data_interpretation|inference_calibration
Analyze market structures and explain how competition affects prices and resource allocation,Econ 201,socio_economic_analysis|logical_structure_analysis|systems_thinking|data_interpretation|quantitative_reasoning
Describe macroeconomic concepts including GDP inflation unemployment and business cycles,Econ 201,socio_economic_analysis|data_interpretation|quantitative_reasoning|systems_thinking|change_and_continuity
Explain fiscal and monetary policy and evaluate their effects on the national economy,Econ 201,evidence_evaluation|inference_calibration|socio_economic_analysis|systems_thinking|trade_off_analysis
Apply cost-benefit analysis and marginal analysis to organizational and personal decisions,Econ 201,trade_off_analysis|resource_stewardship|decision_framing|quantitative_reasoning|mathematical_modeling
Analyze defense economics including the economics of military resource allocation,Econ 201,resource_and_logistics_reasoning|strategic_thinking|socio_economic_analysis|trade_off_analysis|resource_stewardship
Interpret national and international economic data and evaluate contemporary public policy,Econ 201,data_interpretation|geopolitical_analysis|socio_economic_analysis|global_interconnectedness|inference_calibration
Apply economic analysis to engineering economics and personal financial decision-making,Econ 201,quantitative_reasoning|mathematical_modeling|trade_off_analysis|decision_framing|self_leadership
Use critical thinking and quantitative reasoning to challenge assumptions in economic arguments,Econ 201,assumption_identification|scientific_skepticism|logical_structure_analysis|quantitative_reasoning|evidence_evaluation|bias_recognition
Describe international trade theory and explain comparative advantage,Econ 201,global_interconnectedness|geopolitical_analysis|logical_structure_analysis|socio_economic_analysis
Analyze market failures including externalities public goods and information asymmetry,Econ 201,stakeholder_identification|failure_mode_analysis|systems_thinking|socio_economic_analysis|ethical_theory_application
Apply game theory concepts to strategic decision-making in competitive environments,Econ 201,strategic_thinking|deterrence_theory|decision_framing|mathematical_modeling|logical_structure_analysis
Explain the economic basis of defense industrial base policy and procurement,Econ 201,resource_and_logistics_reasoning|socio_economic_analysis|strategic_thinking|geopolitical_analysis|systems_thinking
Describe how exchange rates and international finance affect national security,Econ 201,geopolitical_analysis|global_interconnectedness|socio_economic_analysis|strategic_thinking|threat_assessment
Evaluate the economic costs and benefits of military interventions and foreign aid,Econ 201,trade_off_analysis|socio_economic_analysis|ethical_theory_application|stakeholder_identification|geopolitical_analysis|resource_and_logistics_reasoning
Apply economic reasoning to assess personnel policies and talent management in the military,Econ 201,resource_stewardship|organizational_design|socio_economic_analysis|trade_off_analysis|decision_framing
Explain behavioral economics insights into how people deviate from rational choice models,Econ 201,bias_recognition|inference_calibration|human_nature_inquiry|scientific_skepticism|model_limitations
Analyze the rhetorical situation of a text including audience purpose and context,English 111,audience_adaptation|decision_framing|logical_structure_analysis|perspective_taking|assumption_identification
Identify and evaluate the strength of arguments and evidence in written texts,English 111,evidence_evaluation|logical_structure_analysis|argument_construction|inference_calibration|scientific_skepticism
Write well-organized analytic arguments that develop and support a clear central claim,English 111,argument_construction|logical_organization|written_mechanics|precision_of_language|audience_adaptation
Locate evaluate and integrate credible sources into written arguments,English 111,evidence_evaluation|precision_of_language|argument_construction|logical_structure_analysis|information_literacy
Apply correct documentation conventions to properly attribute sources,English 111,professional_responsibility|written_mechanics|integrity_and_honesty|precision_of_language
Read and interpret complex texts across multiple genres,English 111,inference_calibration|perspective_taking|data_interpretation|logical_structure_analysis|assumption_identification
Develop ideas through sequenced writing assignments including drafts and revision,English 111,feedback_integration|metacognitive_awareness|design_iteration|written_mechanics
Engage in peer review and use feedback to improve written work,English 111,active_listening|feedback_integration|interpersonal_influence|metacognitive_awareness
Reflect on one's own writing process and identify areas for improvement,English 111,metacognitive_awareness|self_leadership|feedback_integration|accountability
Apply the conventions of academic argumentation including thesis evidence and counterargument,English 111,argument_construction|logical_structure_analysis|evidence_evaluation|written_mechanics|precision_of_language
Analyze how genre conventions shape the structure and expectations of different types of writing,English 111,audience_adaptation|logical_organization|logical_structure_analysis|assumption_identification
Produce an extended research argument demonstrating sustained development of a complex claim,English 111,argument_construction|written_mechanics|logical_organization|evidence_evaluation|precision_of_language
Evaluate the ethical dimensions of representing others' ideas and experiences in writing,English 111,professional_responsibility|rights_and_duties|integrity_and_honesty|moral_reasoning|perspective_taking
Demonstrate understanding of how visual rhetoric and multimodal elements shape meaning,English 111,visual_communication|narrative_and_meaning|audience_adaptation|logical_structure_analysis
Compare argumentative strategies across disciplines and evaluate their effectiveness,English 111,logical_structure_analysis|assumption_identification|evidence_evaluation|perspective_taking|interdisciplinary_transfer
Identify and analyze the rhetorical moves in professional and technical documents,English 111,audience_adaptation|precision_of_language|logical_structure_analysis|inference_calibration
Develop an understanding of writing as a recursive process requiring planning drafting and revision,English 111,feedback_integration|written_mechanics|metacognitive_awareness|design_iteration
Apply an understanding of discourse communities to adapt writing for different professional contexts,English 111,audience_adaptation|professional_identity|written_mechanics|perspective_taking|logical_organization
Read literary texts closely attending to form style structure and language,English 211,data_interpretation|precision_of_language|logical_structure_analysis|inference_calibration
Identify and interpret significant literary devices including imagery symbol tone and narrative perspective,English 211,narrative_and_meaning|inference_calibration|perspective_taking|data_interpretation
Analyze a literary work in its historical cultural and social context,English 211,historical_context|cultural_literacy|social_structures|perspective_taking|human_nature_inquiry
Write sophisticated analytical arguments about literary texts with rhetorical clarity,English 211,argument_construction|written_mechanics|logical_organization|precision_of_language|evidence_evaluation
Engage with questions of ethical complexity and moral ambiguity through literary study,English 211,moral_reasoning|uncertainty_tolerance|perspective_taking|human_nature_inquiry|values_clarification|ethical_theory_application
Connect literary themes to leadership challenges and the responsibilities of citizenship,English 211,narrative_and_meaning|professional_identity|values_clarification|human_nature_inquiry|interdisciplinary_transfer
Demonstrate intellectual sophistication in discussing texts orally and in writing,English 211,oral_delivery|written_mechanics|argument_construction|precision_of_language
Revise written arguments to achieve greater clarity precision and logical development,English 211,feedback_integration|precision_of_language|written_mechanics|metacognitive_awareness|logical_organization
Compare how authors from different historical periods approach universal human themes,English 211,historical_context|change_and_continuity|human_nature_inquiry|narrative_and_meaning|perspective_taking
Analyze the relationship between form and meaning in poetry drama and narrative fiction,English 211,narrative_and_meaning|logical_structure_analysis|inference_calibration|data_interpretation
Evaluate competing critical interpretations of a literary text and develop a position,English 211,perspective_taking|evidence_evaluation|argument_construction|logical_structure_analysis|inference_calibration
Research and incorporate secondary sources to support literary analysis,English 211,evidence_evaluation|argument_construction|written_mechanics|logical_organization
Apply a specific critical theory or lens to produce an original interpretation of a literary work,English 211,assumption_identification|logical_structure_analysis|argument_construction|inference_calibration|perspective_taking
Identify how canonical and non-canonical texts represent power justice and human experience,English 211,social_structures|human_nature_inquiry|perspective_taking|identity_and_diversity|narrative_and_meaning
Develop intellectual independence by constructing an original and defensible reading of a text,English 211,argument_construction|metacognitive_awareness|logical_structure_analysis|evidence_evaluation
Demonstrate understanding of the relationship between literary tradition and innovation,English 211,change_and_continuity|cultural_literacy|historical_context|narrative_and_meaning
Engage responsibly with diverse literary voices and perspectives across cultural and historical difference,English 211,cross_cultural_ethics|perspective_taking|cultural_literacy|identity_and_diversity|human_nature_inquiry
Produce a final portfolio demonstrating development as a close reader and analytical writer,English 211,feedback_integration|self_leadership|written_mechanics|metacognitive_awareness|accountability
Apply digital humanities tools to perform computationally-based analysis of literary texts,English 212,technology_awareness|data_interpretation|mathematical_modeling|interdisciplinary_transfer|design_iteration
Read and interpret literary texts using both traditional close reading and computational methods,English 212,evidence_evaluation|perspective_taking|data_interpretation|logical_structure_analysis|inference_calibration|interdisciplinary_transfer
Analyze a text's formal aspects contents and contexts using blended analytical methods,English 212,logical_structure_analysis|inference_calibration|interdisciplinary_transfer|data_interpretation
Write analytical arguments about literary and cultural values with rhetorical clarity,English 212,argument_construction|written_mechanics|cultural_literacy|values_clarification|logical_organization
Evaluate the strengths and limitations of computational approaches to humanistic questions,English 212,model_limitations|scientific_skepticism|uncertainty_tolerance|evidence_evaluation|interdisciplinary_transfer
Develop habits of close reading and ethical communication as an officer-citizen,English 212,professional_responsibility|professional_identity|integrity_and_honesty|precision_of_language
Apply at least two distinct computational methods to a literary corpus,English 212,mathematical_modeling|technology_awareness|design_iteration|data_interpretation
Evaluate the validity and interpretive limits of a computationally generated reading of a text,English 212,model_limitations|uncertainty_tolerance|scientific_skepticism|inference_calibration|logical_structure_analysis
Construct an argument about cultural values using both humanistic and data-driven evidence,English 212,evidence_evaluation|cultural_literacy|argument_construction|data_interpretation|interdisciplinary_transfer
Design a digital humanities research question and select appropriate methods to address it,English 212,design_iteration|hypothesis_formation|requirements_analysis|decision_framing
Reflect on how digital tools both enable and constrain humanistic interpretation,English 212,metacognitive_awareness|model_limitations|technology_awareness|uncertainty_tolerance
Engage ethically with issues of data provenance copyright and algorithmic bias in text analysis,English 212,bias_recognition|rights_and_duties|professional_responsibility|ethical_theory_application|stakeholder_identification
Communicate findings from computational text analysis to a non-specialist audience,English 212,audience_adaptation|oral_delivery|written_mechanics|data_interpretation|visual_communication
Demonstrate the ability to move between macro-level patterns and close reading of individual passages,English 212,inference_calibration|logical_structure_analysis|data_interpretation|perspective_taking
Identify how computational approaches are transforming scholarship in the humanities,English 212,change_and_continuity|technology_awareness|nature_of_science|interdisciplinary_transfer
Produce a digital project that combines original analysis with a reflective critical statement,English 212,metacognitive_awareness|written_mechanics|design_iteration|argument_construction|self_leadership
Apply information literacy skills to evaluate the credibility and bias of digital sources,English 212,bias_recognition|evidence_evaluation|logical_structure_analysis|scientific_skepticism|assumption_identification
Compare traditional and computational approaches to a shared interpretive problem,English 212,trade_off_analysis|data_interpretation|perspective_taking|interdisciplinary_transfer|logical_structure_analysis
Demonstrate basic pronunciation vocabulary and grammatical structures in the target language,For Lang 131,oral_delivery|precision_of_language|feedback_integration|metacognitive_awareness
Comprehend simple spoken language in structured instructional contexts,For Lang 131,active_listening|metacognitive_awareness|inference_calibration
Produce simple spoken phrases and sentences to exchange information in the target language,For Lang 131,oral_delivery|audience_adaptation|precision_of_language
Read and interpret basic written texts in the target language,For Lang 131,inference_calibration|data_interpretation|logical_structure_analysis
Write simple sentences and short paragraphs using target language conventions,For Lang 131,written_mechanics|precision_of_language|feedback_integration
Describe and compare cultural practices and social norms of target-language communities,For Lang 131,cultural_literacy|cross_cultural_ethics|perspective_taking|identity_and_diversity
Identify significant historical and societal themes of cultures that speak the target language,For Lang 131,historical_context|cultural_literacy|narrative_and_meaning|social_structures
Recognize differences and similarities between one's own culture and target-language cultures,For Lang 131,perspective_taking|cultural_literacy|cross_cultural_ethics|assumption_identification|identity_and_diversity
Identify and use common social register distinctions in the target language,For Lang 131,audience_adaptation|precision_of_language|social_structures|cultural_literacy
Navigate authentic cultural scenarios such as shopping travel and social introductions in the target language,For Lang 131,cross_cultural_ethics|oral_delivery|audience_adaptation|interpersonal_influence
Distinguish between cognates and false cognates to improve reading comprehension,For Lang 131,assumption_identification|inference_calibration|logical_structure_analysis|scientific_skepticism
Apply phonological rules to improve pronunciation and listening comprehension,For Lang 131,active_listening|feedback_integration|precision_of_language|metacognitive_awareness
Use contextual and grammatical clues to infer meaning of unfamiliar vocabulary,For Lang 131,inference_calibration|uncertainty_tolerance|data_interpretation|logical_structure_analysis
Demonstrate awareness of how language reflects and reinforces cultural values and social norms,For Lang 131,cultural_literacy|human_nature_inquiry|social_structures|values_clarification|narrative_and_meaning
Develop strategies for self-directed language learning beyond the classroom,For Lang 131,self_leadership|metacognitive_awareness|feedback_integration|accountability
Recognize the professional and national security value of multilingual competence for Air Force officers,For Lang 131,professional_identity|intelligence_literacy|geopolitical_analysis|strategic_thinking
Produce basic written correspondence appropriate to common professional and social situations,For Lang 131,written_mechanics|audience_adaptation|professional_identity|precision_of_language
Compare phonological grammatical and lexical features of the target language with English,For Lang 131,logical_structure_analysis|data_interpretation|assumption_identification
Use expanded vocabulary and more complex grammatical structures in the target language,For Lang 132,precision_of_language|written_mechanics|feedback_integration|metacognitive_awareness
Comprehend and respond to spoken language in a wider range of everyday contexts,For Lang 132,active_listening|audience_adaptation|inference_calibration|metacognitive_awareness
Give structured presentations in the target language on cultural and societal topics,For Lang 132,oral_delivery|logical_organization|audience_adaptation|cultural_literacy|visual_communication
Read and interpret intermediate-level texts about culture history and society,For Lang 132,cultural_literacy|data_interpretation|historical_context|narrative_and_meaning|inference_calibration
Write paragraphs and short essays in the target language with increasing grammatical accuracy,For Lang 132,written_mechanics|feedback_integration|precision_of_language|logical_organization
Analyze and discuss societal themes as they relate to cultures using the target language,For Lang 132,cultural_literacy|narrative_and_meaning|social_structures|perspective_taking|human_nature_inquiry
Compare social political and historical contexts across cultures studied,For Lang 132,historical_context|cross_cultural_ethics|social_structures|global_interconnectedness|perspective_taking
Produce multi-paragraph written arguments on societal topics in the target language,For Lang 132,argument_construction|written_mechanics|logical_organization|precision_of_language
Navigate authentic professional and academic interactions in the target language,For Lang 132,professional_identity|oral_delivery|audience_adaptation|interpersonal_influence|cross_cultural_ethics
Analyze media sources in the target language to extract key information and perspective,For Lang 132,perspective_taking|evidence_evaluation|data_interpretation|inference_calibration|bias_recognition
Apply knowledge of target-language morphology and syntax to improve accuracy in production,For Lang 132,precision_of_language|metacognitive_awareness|logical_structure_analysis|feedback_integration
Reflect on progress toward language proficiency goals and adjust learning strategies accordingly,For Lang 132,self_leadership|metacognitive_awareness|feedback_integration|accountability
Identify national security and diplomatic contexts where target language proficiency provides operational advantage,For Lang 132,intelligence_literacy|geopolitical_analysis|strategic_thinking|professional_identity
Demonstrate intercultural competence in simulated professional or diplomatic scenarios,For Lang 132,cross_cultural_ethics|professional_identity|audience_adaptation|interpersonal_influence|alliance_and_coalition_dynamics
Interpret idiomatic expressions and culturally specific references in authentic texts,For Lang 132,cultural_literacy|inference_calibration|data_interpretation|human_nature_inquiry
Develop vocabulary acquisition strategies for professional and academic domains in the target language,For Lang 132,self_leadership|professional_identity|metacognitive_awareness|resource_stewardship
Engage with literary or journalistic texts to analyze cultural values in the target-language society,For Lang 132,cultural_literacy|values_clarification|narrative_and_meaning|perspective_taking|social_structures
Assess one's own language proficiency relative to ACTFL or DLPT standards,For Lang 132,accountability|self_leadership|metacognitive_awareness|solution_validation
Explain the evolution of warfare at the strategic operational and tactical levels from WWI to the present,History 100,historical_context|strategic_thinking|change_and_continuity|geopolitical_analysis|narrative_and_meaning
Analyze the causes and consequences of major twentieth and twenty-first century conflicts,History 100,historical_context|geopolitical_analysis|logical_structure_analysis|evidence_evaluation|global_interconnectedness
Evaluate the factors that led to success or failure in specific historical military campaigns,History 100,failure_mode_analysis|historical_context|evidence_evaluation|logical_structure_analysis|inference_calibration
Describe changes in military technology and doctrine and their impact on the conduct of war,History 100,technology_awareness|change_and_continuity|historical_context|systems_thinking|geopolitical_analysis
Explain the strategic context in which air and space power developed as instruments of war,History 100,strategic_thinking|historical_context|geopolitical_analysis|technology_awareness|change_and_continuity
Identify the professional qualities required of military leaders at each level of warfare,History 100,professional_identity|self_leadership|historical_context|leadership_theory|narrative_and_meaning
Articulate the meaning of the profession of arms and the warrior ethos,History 100,oath_and_obligation|core_values_internalization|human_nature_inquiry|narrative_and_meaning|values_clarification|professional_identity
Apply lessons from military history to contemporary professional and leadership challenges,History 100,historical_context|decision_framing|interdisciplinary_transfer|narrative_and_meaning|inference_calibration
Describe the major causes and consequences of the First World War and the interwar period,History 100,historical_context|global_interconnectedness|geopolitical_analysis|logical_structure_analysis|change_and_continuity
Analyze the impact of the Second World War on geopolitical order and military doctrine,History 100,geopolitical_analysis|historical_context|change_and_continuity|global_interconnectedness|strategic_thinking
Explain the origins and major phases of the Cold War and its influence on U.S. military strategy,History 100,strategic_thinking|historical_context|geopolitical_analysis|deterrence_theory|change_and_continuity
Describe the development of nuclear weapons and their strategic implications since 1945,History 100,deterrence_theory|historical_context|geopolitical_analysis|threat_assessment|strategic_thinking
Analyze the evolution of counterinsurgency and irregular warfare in post-Cold War conflicts,History 100,geopolitical_analysis|change_and_continuity|historical_context|threat_assessment|logical_structure_analysis
Evaluate the role of intelligence and information operations in twentieth-century warfare,History 100,intelligence_literacy|historical_context|geopolitical_analysis|evidence_evaluation|threat_assessment
Apply historical case-study analysis to evaluate competing explanations for military outcomes,History 100,evidence_evaluation|logical_structure_analysis|inference_calibration|historical_context|assumption_identification
Describe the impact of domestic politics and public opinion on the conduct of war,History 100,civil_military_relations|social_structures|historical_context|geopolitical_analysis|stakeholder_identification
Explain the historical development of the laws of armed conflict and their operational implications,History 100,law_of_armed_conflict|historical_context|change_and_continuity|professional_responsibility|geopolitical_analysis
Analyze the role of logistics technology and industrial capacity in determining military outcomes,History 100,resource_and_logistics_reasoning|technology_awareness|historical_context|systems_thinking|geopolitical_analysis
Survey major civilizations and their development from ancient times to the modern era,History 300,historical_context|cultural_literacy|change_and_continuity|global_interconnectedness|narrative_and_meaning
Apply the concept of transculturation to explain cross-cultural exchange and interaction throughout history,History 300,cross_cultural_ethics|change_and_continuity|historical_context|global_interconnectedness|human_nature_inquiry|identity_and_diversity
Explain the global impact of political religious ideological economic and social forces on historical change,History 300,global_interconnectedness|socio_economic_analysis|historical_context|change_and_continuity|social_structures|systems_thinking
Describe how the modern international order emerged from historical developments in governance and power,History 300,geopolitical_analysis|social_structures|historical_context|change_and_continuity|global_interconnectedness
Identify the uniqueness and interconnectedness of cultures and societies across time and geography,History 300,cultural_literacy|global_interconnectedness|identity_and_diversity|perspective_taking|human_nature_inquiry
Analyze one's own identity and origins in relation to different groups and peoples globally,History 300,identity_and_diversity|perspective_taking|global_interconnectedness|human_nature_inquiry|metacognitive_awareness
Explain significant military colonial and imperial developments in world history,History 300,historical_context|narrative_and_meaning|geopolitical_analysis|global_interconnectedness|social_structures
Use primary and secondary historical sources to construct and evaluate historical arguments,History 300,argument_construction|evidence_evaluation|logical_structure_analysis|inference_calibration|replication_and_reproducibility
Explain the major world religions and their historical influence on politics culture and conflict,History 300,cultural_literacy|historical_context|global_interconnectedness|human_nature_inquiry|social_structures
Describe the development of early civilizations in Mesopotamia China India and the Americas,History 300,historical_context|cultural_literacy|change_and_continuity|global_interconnectedness
Analyze the long-term consequences of colonialism on contemporary political and social structures,History 300,social_structures|historical_context|geopolitical_analysis|global_interconnectedness|change_and_continuity
Explain the causes and consequences of the major world wars from a global perspective,History 300,global_interconnectedness|historical_context|geopolitical_analysis|logical_structure_analysis|change_and_continuity
Apply historiographical methods to evaluate the strengths and weaknesses of historical arguments,History 300,logical_structure_analysis|assumption_identification|evidence_evaluation|inference_calibration|scientific_skepticism
Describe the global dimensions of the Cold War and decolonization movements,History 300,global_interconnectedness|historical_context|geopolitical_analysis|change_and_continuity|social_structures
Analyze the interplay of ideology religion and nationalism in shaping historical conflicts,History 300,human_nature_inquiry|historical_context|social_structures|narrative_and_meaning|geopolitical_analysis
Explain how environmental factors have shaped the rise and fall of civilizations,History 300,systems_thinking|historical_context|global_interconnectedness|change_and_continuity|interdisciplinary_transfer
Compare forms of governance across historical periods and their impact on social order,History 300,social_structures|historical_context|logical_structure_analysis|change_and_continuity|geopolitical_analysis
Evaluate the ethical dimensions of imperialism slavery and genocide in world history,History 300,moral_reasoning|stakeholder_identification|human_nature_inquiry|historical_context|rights_and_duties|global_interconnectedness
Explain the nature and sources of law and the role of law in American society,Law 220,social_structures|rights_and_duties|historical_context|logical_structure_analysis|systems_thinking
Describe the structure and jurisdiction of the federal and military court systems,Law 220,organizational_design|precision_of_language|logical_structure_analysis|systems_thinking|historical_context
Analyze constitutional law principles including individual rights and governmental authority,Law 220,rights_and_duties|civil_military_relations|logical_structure_analysis|social_structures|evidence_evaluation
Explain the elements of criminal law and the standards for criminal liability,Law 220,logical_structure_analysis|evidence_evaluation|inference_calibration|rights_and_duties|precision_of_language
Describe the Uniform Code of Military Justice and its application to Air Force personnel,Law 220,professional_responsibility|oath_and_obligation|organizational_design|professional_identity|accountability
Apply the Law of Armed Conflict to evaluate the legality of military operations and targeting,Law 220,law_of_armed_conflict|ethical_theory_application|moral_reasoning|professional_responsibility|inference_calibration|logical_structure_analysis
Evaluate ethical and legal obligations of Air Force officers using case law and scenario analysis,Law 220,professional_responsibility|moral_reasoning|rights_and_duties|ethical_theory_application|professional_identity|decision_framing
Develop critical thinking through Socratic discussion debate and written legal analysis,Law 220,argument_construction|oral_delivery|logical_structure_analysis|evidence_evaluation|active_listening|precision_of_language
Read and interpret judicial opinions to extract legal rules and apply them to new situations,Law 220,inference_calibration|logical_structure_analysis|evidence_evaluation|precision_of_language|data_interpretation
Explain the legal framework governing the use of force under domestic and international law,Law 220,law_of_armed_conflict|geopolitical_analysis|civil_military_relations|rights_and_duties|logical_structure_analysis
Describe the role and jurisdiction of military commissions and their distinction from civilian courts,Law 220,organizational_design|civil_military_relations|logical_structure_analysis|professional_responsibility|precision_of_language
Analyze landmark Supreme Court decisions affecting military operations and personnel rights,Law 220,rights_and_duties|historical_context|civil_military_relations|evidence_evaluation|logical_structure_analysis
Identify legal obligations of Air Force officers under administrative contract and fiscal law,Law 220,professional_responsibility|rights_and_duties|accountability|organizational_design|resource_stewardship
Describe privacy law electronic surveillance law and their application to cyber operations,Law 220,rights_and_duties|intelligence_literacy|law_of_armed_conflict|social_structures|technology_awareness
Evaluate the legality of detention practices under domestic and international legal standards,Law 220,law_of_armed_conflict|moral_reasoning|rights_and_duties|evidence_evaluation|geopolitical_analysis
Apply legal reasoning to novel national security scenarios involving emerging technologies,Law 220,logical_structure_analysis|uncertainty_tolerance|decision_framing|technology_awareness|inference_calibration
Explain administrative law processes and their role in military justice and officer discipline,Law 220,organizational_design|professional_responsibility|accountability|systems_thinking|precision_of_language
Describe the legal frameworks governing space operations and cyber warfare,Law 220,geopolitical_analysis|decision_framing|law_of_armed_conflict|technology_awareness|global_interconnectedness
Explain foundational psychological and sociological concepts that shape interpersonal relationships,Ldrshp 100,interpersonal_influence|social_structures|human_nature_inquiry|logical_structure_analysis|systems_thinking
Identify how personal values attitudes and beliefs influence behavior toward others,Ldrshp 100,values_clarification|self_leadership|interpersonal_influence|metacognitive_awareness|bias_recognition
Recognize and explain the role of communication in building and maintaining relationships,Ldrshp 100,active_listening|interpersonal_influence|audience_adaptation|oral_delivery|feedback_integration
Apply strategies for managing conflict and difficult interpersonal situations professionally,Ldrshp 100,conflict_resolution|professional_identity|interpersonal_influence|integrity_and_honesty|emotional_regulation
Demonstrate self-awareness about personal strengths and areas for development as a leader,Ldrshp 100,metacognitive_awareness|self_leadership|feedback_integration|accountability|values_clarification
Explain the importance of emotional intelligence and empathy in leadership,Ldrshp 100,interpersonal_influence|perspective_taking|human_nature_inquiry|self_leadership|metacognitive_awareness
Apply reflective practices to continuously improve interpersonal and leadership effectiveness,Ldrshp 100,metacognitive_awareness|feedback_integration|self_leadership|accountability|change_management
Describe major psychological theories of personality and their relevance to leadership style,Ldrshp 100,human_nature_inquiry|logical_structure_analysis|model_limitations|interpersonal_influence|interdisciplinary_transfer
Apply active listening and questioning techniques to improve interpersonal understanding,Ldrshp 100,active_listening|inference_calibration|interpersonal_influence|audience_adaptation|feedback_integration
Identify the role of power and authority in shaping interpersonal dynamics,Ldrshp 100,social_structures|organizational_design|interpersonal_influence|human_nature_inquiry|systems_thinking
Demonstrate ability to give and receive constructive feedback in a professional setting,Ldrshp 100,feedback_integration|professional_identity|interpersonal_influence|integrity_and_honesty|oral_delivery
Apply emotional regulation strategies to manage one's behavior under interpersonal stress,Ldrshp 100,resilience_under_adversity|physical_and_mental_discipline|self_leadership|metacognitive_awareness
Recognize the symptoms and effects of interpersonal conflict and apply de-escalation strategies,Ldrshp 100,conflict_resolution|interpersonal_influence|logical_structure_analysis|perspective_taking|inference_calibration
Explain how cultural background and identity influence communication styles and expectations,Ldrshp 100,cross_cultural_ethics|identity_and_diversity|interpersonal_influence|audience_adaptation|cultural_literacy
Develop a self-improvement plan based on systematic self-assessment and peer input,Ldrshp 100,self_leadership|feedback_integration|accountability|metacognitive_awareness|organizational_design
Explain the neuroscience of social bonding trust and prosocial behavior,Ldrshp 100,human_nature_inquiry|integrity_and_honesty|interpersonal_influence|interdisciplinary_transfer|logical_structure_analysis
Articulate the connection between self-awareness and effective followership,Ldrshp 100,metacognitive_awareness|commitment_to_service|self_leadership|accountability|values_clarification
Describe the psychological basis for inclusion belonging and their effects on performance,Ldrshp 100,identity_and_diversity|esprit_de_corps|human_nature_inquiry|logical_structure_analysis|team_dynamics
Explain key theories and models of leadership and their practical application,Ldrshp 200,interpersonal_influence|logical_structure_analysis|model_limitations|change_and_continuity|interdisciplinary_transfer
Apply leadership principles to motivate and develop individual subordinates,Ldrshp 200,mission_command|interpersonal_influence|feedback_integration|organizational_design|self_leadership
Demonstrate respectful and dignified treatment of others in leadership roles,Ldrshp 200,integrity_and_honesty|rights_and_duties|professional_identity|values_clarification|cross_cultural_ethics
Analyze case studies to identify effective and ineffective interpersonal leadership practices,Ldrshp 200,evidence_evaluation|decision_framing|logical_structure_analysis|inference_calibration|interpersonal_influence
Develop a plan for personal growth as a leader based on feedback and reflection,Ldrshp 200,self_leadership|feedback_integration|accountability|metacognitive_awareness|organizational_design
Describe the characteristics of an officer of character and apply them to leadership scenarios,Ldrshp 200,professional_identity|core_values_internalization|values_clarification|integrity_and_honesty|accountability
Compare and contrast major leadership theories including transformational servant and situational leadership,Ldrshp 200,logical_structure_analysis|change_and_continuity|model_limitations|perspective_taking|evidence_evaluation
Apply situational leadership principles to select appropriate leadership behaviors for different subordinates,Ldrshp 200,mission_command|interpersonal_influence|decision_framing|audience_adaptation|perspective_taking
Develop and deliver constructive individual performance counseling following Air Force standards,Ldrshp 200,oral_delivery|feedback_integration|interpersonal_influence|mission_command|professional_identity
Analyze how organizational culture and climate affect individual and team performance,Ldrshp 200,organizational_design|team_dynamics|systems_thinking|cultural_literacy|logical_structure_analysis
Identify and mitigate the effects of groupthink and conformity bias on decision-making,Ldrshp 200,bias_recognition|moral_courage|logical_structure_analysis|team_dynamics|decision_framing
Demonstrate the ability to lead diverse teams by adapting communication and motivational approaches,Ldrshp 200,audience_adaptation|team_dynamics|identity_and_diversity|interpersonal_influence|cross_cultural_ethics
Apply models of ethical leadership to evaluate officer conduct in case studies,Ldrshp 200,moral_reasoning|professional_identity|ethical_theory_application|logical_structure_analysis|evidence_evaluation
Construct a structured developmental plan for a notional subordinate,Ldrshp 200,mission_command|organizational_design|feedback_integration|logical_organization|written_mechanics
Evaluate the role of followership in organizational effectiveness,Ldrshp 200,commitment_to_service|organizational_design|accountability|systems_thinking|logical_structure_analysis
Explain how mentoring and sponsorship contribute to talent development in military organizations,Ldrshp 200,interpersonal_influence|resource_stewardship|organizational_design|mission_command|commitment_to_service
Demonstrate ability to brief a leadership assessment using structured analytic frameworks,Ldrshp 200,oral_delivery|decision_framing|logical_organization|audience_adaptation|written_mechanics
Apply psychological safety principles to create environments where subordinates speak up,Ldrshp 200,moral_courage|mission_command|interpersonal_influence|team_dynamics|integrity_and_honesty
Explain theories of group dynamics and team development applicable to military teams,Ldrshp 300,team_dynamics|logical_structure_analysis|human_nature_inquiry|systems_thinking|model_limitations
Apply team leadership principles to guide interdependent groups toward mission accomplishment,Ldrshp 300,team_dynamics|commitment_to_service|mission_command|organizational_design|esprit_de_corps
Diagnose and address challenges to team cohesion performance and communication,Ldrshp 300,team_dynamics|conflict_resolution|logical_structure_analysis|interpersonal_influence|decision_framing
Design and lead team exercises that build trust accountability and shared purpose,Ldrshp 300,accountability|esprit_de_corps|integrity_and_honesty|team_dynamics|interpersonal_influence
Evaluate team performance using structured assessment frameworks and provide developmental feedback,Ldrshp 300,feedback_integration|decision_framing|logical_organization|team_dynamics|evidence_evaluation
Demonstrate ethical conduct and respect for dignity in all team leadership interactions,Ldrshp 300,integrity_and_honesty|human_nature_inquiry|rights_and_duties|values_clarification|professional_responsibility
Apply the After-Action Review process to extract lessons learned from team exercises,Ldrshp 300,metacognitive_awareness|replication_and_reproducibility|feedback_integration|organizational_design|accountability
Describe models of team development and apply them to military unit readiness,Ldrshp 300,team_dynamics|esprit_de_corps|model_limitations|organizational_design|logical_structure_analysis
Design and implement a structured team decision-making process under time pressure,Ldrshp 300,decision_framing|resilience_under_adversity|team_dynamics|logical_organization|organizational_design
Analyze the role of psychological safety in team creativity learning and risk-taking,Ldrshp 300,moral_courage|team_dynamics|logical_structure_analysis|human_nature_inquiry|organizational_design
Evaluate the impact of diversity and inclusion on team performance and innovation,Ldrshp 300,identity_and_diversity|team_dynamics|evidence_evaluation|logical_structure_analysis|organizational_design
Apply communication planning to coordinate complex multi-element team operations,Ldrshp 300,logical_organization|team_dynamics|audience_adaptation|strategic_communication|organizational_design
Demonstrate ability to adapt leadership style to team development stage and task demands,Ldrshp 300,interpersonal_influence|audience_adaptation|metacognitive_awareness|team_dynamics|decision_framing
Construct a team performance improvement plan based on structured assessment and feedback,Ldrshp 300,feedback_integration|organizational_design|logical_organization|team_dynamics|written_mechanics
Identify and address social loafing and free-rider effects in team contexts,Ldrshp 300,accountability|team_dynamics|interpersonal_influence|logical_structure_analysis|decision_framing
Demonstrate cross-functional coordination skills by leading a joint team exercise,Ldrshp 300,alliance_and_coalition_dynamics|team_dynamics|interpersonal_influence|organizational_design|communication
Apply conflict escalation models to anticipate and defuse emerging team tensions,Ldrshp 300,conflict_resolution|team_dynamics|logical_structure_analysis|inference_calibration|interpersonal_influence
Evaluate the ethical dimensions of team leadership including accountability for team behavior,Ldrshp 300,accountability|professional_responsibility|moral_reasoning|team_dynamics|integrity_and_honesty
Apply organizational leadership theory to diagnose strengths and weaknesses of complex systems,Ldrshp 400,systems_thinking|organizational_design|logical_structure_analysis|failure_mode_analysis|evidence_evaluation
Describe the interdependence between an organization and its broader institutional environment,Ldrshp 400,social_structures|systems_thinking|organizational_design|logical_structure_analysis|geopolitical_analysis
Develop and execute strategies to improve organizational performance and culture,Ldrshp 400,change_management|organizational_design|strategic_communication|decision_framing|stakeholder_identification
Evaluate organizational problems using case studies and experiential exercises,Ldrshp 400,evidence_evaluation|decision_framing|logical_structure_analysis|systems_thinking|inference_calibration
Synthesize and integrate lessons from the full Ldrshp 100-400 sequence into a personal leadership philosophy,Ldrshp 400,self_leadership|metacognitive_awareness|values_clarification|written_mechanics|accountability
Lead organizations with character dignity and accountability for mission and people,Ldrshp 400,accountability|commitment_to_service|integrity_and_honesty|professional_identity|core_values_internalization
Apply systems leadership theory to diagnose and address organizational failure modes,Ldrshp 400,failure_mode_analysis|systems_thinking|organizational_design|logical_structure_analysis|decision_framing
Evaluate organizational culture models and their impact on mission effectiveness,Ldrshp 400,organizational_design|cultural_literacy|systems_thinking|evidence_evaluation|logical_structure_analysis
Design an organizational change initiative addressing a real or simulated institutional problem,Ldrshp 400,change_management|design_iteration|organizational_design|stakeholder_identification|strategic_communication
Apply stakeholder analysis to build coalitions and manage resistance to organizational change,Ldrshp 400,stakeholder_identification|alliance_and_coalition_dynamics|change_management|interpersonal_influence|decision_framing
Demonstrate strategic communication skills by developing a narrative to guide organizational change,Ldrshp 400,strategic_communication|narrative_and_meaning|audience_adaptation|change_management|written_mechanics
Evaluate the role of leader character in setting and sustaining organizational values and norms,Ldrshp 400,core_values_internalization|organizational_design|integrity_and_honesty|values_clarification|professional_identity
Apply talent management principles to identify develop and retain key organizational contributors,Ldrshp 400,resource_stewardship|organizational_design|interpersonal_influence|mission_command|decision_framing
Assess ethical climate within organizations and develop interventions to address integrity gaps,Ldrshp 400,integrity_and_honesty|professional_responsibility|organizational_design|moral_reasoning|accountability
Develop and present an original organizational leadership assessment to a senior audience,Ldrshp 400,oral_delivery|audience_adaptation|written_mechanics|logical_organization|evidence_evaluation
Explain how organizational incentive structures shape behavior and how to align them with mission,Ldrshp 400,organizational_design|mission_command|systems_thinking|logical_structure_analysis|commitment_to_service
Demonstrate mastery of organizational leadership by synthesizing capstone project findings,Ldrshp 400,self_leadership|written_mechanics|oral_delivery|metacognitive_awareness|accountability
Apply continuous improvement frameworks to organizational processes,Ldrshp 400,change_management|replication_and_reproducibility|organizational_design|systems_thinking|design_iteration
Evaluate limits of functions analytically graphically and numerically,Math 141,quantitative_reasoning|logical_structure_analysis|visual_communication|mathematical_modeling
Compute derivatives using rules including product quotient and chain rules,Math 141,mathematical_modeling|quantitative_reasoning|logical_structure_analysis|solution_validation
Apply differentiation to solve optimization problems and related rates,Math 141,mathematical_modeling|decision_framing|quantitative_reasoning|requirements_analysis
Interpret derivatives geometrically as rates of change and slopes of tangent lines,Math 141,data_interpretation|visual_communication|mathematical_modeling|inference_calibration
Use vectors dot products and projections to solve problems in linear algebra,Math 141,mathematical_modeling|quantitative_reasoning|logical_structure_analysis
Model real-world datasets using functions with parameters and interpret results,Math 141,mathematical_modeling|inference_calibration|data_interpretation|quantitative_reasoning|interdisciplinary_transfer
Perform dimensional analysis and unit conversions in applied problem contexts,Math 141,quantitative_reasoning|precision_of_language|solution_validation|mathematical_modeling
Use computational tools to investigate and visualize mathematical problems,Math 141,technology_awareness|visual_communication|mathematical_modeling|quantitative_reasoning
Prove properties of limits and derivatives from first principles using epsilon-delta definitions,Math 141,logical_structure_analysis|precision_of_language|argument_construction|quantitative_reasoning
Apply L'Hopital's rule to evaluate limits of indeterminate forms,Math 141,mathematical_modeling|quantitative_reasoning|logical_structure_analysis
Interpret the Mean Value Theorem and apply it to analyze function behavior,Math 141,logical_structure_analysis|inference_calibration|mathematical_modeling|quantitative_reasoning
Analyze function behavior using first and second derivatives to identify extrema and inflection points,Math 141,data_interpretation|mathematical_modeling|visual_communication|quantitative_reasoning
Apply Newton's method to numerically approximate solutions to equations,Math 141,quantitative_estimation|mathematical_modeling|technology_awareness|solution_validation
Use implicit differentiation to find derivatives of implicitly defined functions,Math 141,mathematical_modeling|logical_structure_analysis|quantitative_reasoning
Apply calculus concepts to kinematics problems including position velocity and acceleration,Math 141,mathematical_modeling|quantitative_reasoning|interdisciplinary_transfer|systems_thinking
Construct mathematical proofs using standard proof techniques including direct proof and proof by contradiction,Math 141,argument_construction|precision_of_language|quantitative_reasoning|logical_structure_analysis
Use Taylor polynomials to approximate functions and estimate error bounds,Math 141,quantitative_estimation|failure_mode_analysis|mathematical_modeling|inference_calibration
Communicate mathematical reasoning clearly in written solutions using correct notation,Math 141,written_mechanics|precision_of_language|logical_organization|audience_adaptation
Compute antiderivatives using substitution integration by parts and other techniques,Math 142,mathematical_modeling|quantitative_reasoning|logical_structure_analysis|solution_validation
Apply the Fundamental Theorem of Calculus to evaluate definite integrals,Math 142,logical_structure_analysis|mathematical_modeling|quantitative_reasoning
Use definite integrals to compute areas volumes and other applied quantities,Math 142,mathematical_modeling|quantitative_reasoning|quantitative_estimation|interdisciplinary_transfer
Apply Euler's method and other numerical techniques to approximate solutions,Math 142,quantitative_estimation|mathematical_modeling|technology_awareness|solution_validation
Formulate and solve optimization problems in single and multiple variables,Math 142,mathematical_modeling|decision_framing|quantitative_reasoning|requirements_analysis
Construct and analyze mathematical models using differential equations,Math 142,mathematical_modeling|systems_thinking|quantitative_reasoning|inference_calibration
Extend data literacy skills by using computers to solve and investigate mathematical problems,Math 142,technology_awareness|data_interpretation|mathematical_modeling|quantitative_reasoning
Apply integration to compute arc length surface area and center of mass,Math 142,mathematical_modeling|quantitative_reasoning|quantitative_estimation
Solve separable and linear first-order differential equations analytically,Math 142,mathematical_modeling|logical_structure_analysis|quantitative_reasoning
Analyze convergence of infinite series using standard tests,Math 142,logical_structure_analysis|solution_validation|quantitative_reasoning|mathematical_modeling
Represent functions as power series and determine radii of convergence,Math 142,mathematical_modeling|inference_calibration|quantitative_reasoning|logical_structure_analysis
Apply Taylor and Maclaurin series to approximate functions and evaluate limits,Math 142,quantitative_estimation|mathematical_modeling|quantitative_reasoning
Solve problems in polar coordinates and parameterized curves,Math 142,mathematical_modeling|visual_communication|quantitative_reasoning
Apply calculus of vector-valued functions to analyze motion in space,Math 142,mathematical_modeling|quantitative_reasoning|systems_thinking|interdisciplinary_transfer
Use numerical integration methods and assess their accuracy,Math 142,quantitative_estimation|solution_validation|mathematical_modeling|failure_mode_analysis
Model physical phenomena using first-order differential equations,Math 142,mathematical_modeling|interdisciplinary_transfer|quantitative_reasoning|inference_calibration
Communicate mathematical arguments in writing using precise notation and logical structure,Math 142,written_mechanics|precision_of_language|logical_organization|argument_construction
Extend integration techniques to improper integrals and assess convergence,Math 142,logical_structure_analysis|solution_validation|mathematical_modeling|quantitative_reasoning
Complete all Math 142 content at an accelerated pace with greater rigor and depth,Math 152,quantitative_reasoning|mathematical_modeling|resilience_under_adversity|physical_and_mental_discipline
Apply advanced integration techniques to solve complex applied problems,Math 152,mathematical_modeling|quantitative_reasoning|logical_structure_analysis|systems_thinking
Demonstrate preparation for multivariable calculus and technical major coursework,Math 152,mathematical_modeling|systems_thinking|interdisciplinary_transfer|quantitative_reasoning
Complete all Math 141 and 142 content at an accelerated pace with greater rigor,Math 152,quantitative_reasoning|logical_structure_analysis|resilience_under_adversity|physical_and_mental_discipline
Prove convergence results for series using rigorous analytical techniques,Math 152,logical_structure_analysis|argument_construction|quantitative_reasoning|precision_of_language
Apply multivariable calculus concepts including partial derivatives and gradient vectors,Math 152,mathematical_modeling|quantitative_reasoning|systems_thinking|visual_communication
Solve systems of differential equations and interpret solutions physically,Math 152,mathematical_modeling|systems_thinking|data_interpretation|interdisciplinary_transfer
Analyze vector fields and apply the Divergence and Stokes' theorems,Math 152,mathematical_modeling|quantitative_reasoning|logical_structure_analysis|systems_thinking
Demonstrate preparation for technical major coursework through applied problem sets,Math 152,quantitative_estimation|solution_validation|mathematical_modeling|accountability
Apply advanced numerical methods to solve differential equations,Math 152,mathematical_modeling|technology_awareness|quantitative_reasoning|solution_validation
Construct and interpret mathematical models in physics and engineering contexts,Math 152,mathematical_modeling|interdisciplinary_transfer|systems_thinking|inference_calibration
Demonstrate rigorous proof-writing skills in analysis contexts,Math 152,argument_construction|precision_of_language|logical_structure_analysis|written_mechanics
Evaluate limits of multivariable functions and determine continuity,Math 152,logical_structure_analysis|mathematical_modeling|quantitative_reasoning
Use Lagrange multipliers to solve constrained optimization problems,Math 152,mathematical_modeling|decision_framing|quantitative_reasoning|requirements_analysis
Apply line integrals and surface integrals to compute physical quantities,Math 152,mathematical_modeling|quantitative_reasoning|interdisciplinary_transfer|systems_thinking
Explain the relationship between multivariable calculus and physical laws,Math 152,interdisciplinary_transfer|systems_thinking|mathematical_modeling|logical_structure_analysis
Use computational tools to visualize and analyze multivariable functions,Math 152,technology_awareness|visual_communication|mathematical_modeling|quantitative_reasoning
Communicate solutions to complex mathematical problems clearly and precisely,Math 152,written_mechanics|precision_of_language|logical_organization|audience_adaptation
Calculate basic probabilities using rules of probability and counting techniques,Math 300,mathematical_modeling|quantitative_reasoning|logical_structure_analysis
Describe common probability distributions and apply them to decision-making contexts,Math 300,quantitative_reasoning|decision_framing|mathematical_modeling|inference_calibration
Construct and interpret confidence intervals for population parameters,Math 300,argument_construction|inference_calibration|quantitative_reasoning|data_interpretation|uncertainty_tolerance
Conduct hypothesis tests and interpret p-values and statistical significance,Math 300,hypothesis_formation|quantitative_reasoning|inference_calibration|scientific_skepticism|logical_structure_analysis
Build and interpret regression models to predict and understand relationships in data,Math 300,mathematical_modeling|data_interpretation|inference_calibration|quantitative_reasoning|model_limitations
Create appropriate data visualizations and interpret graphs and summary statistics,Math 300,visual_communication|data_interpretation|quantitative_reasoning|audience_adaptation|logical_organization
Critically evaluate statistical arguments and identify potential errors in data reasoning,Math 300,logical_structure_analysis|scientific_skepticism|evidence_evaluation|assumption_identification|inference_calibration
Apply statistical reasoning to policy social science and leadership decision contexts,Math 300,data_interpretation|decision_framing|interdisciplinary_transfer|quantitative_reasoning|logical_structure_analysis
Apply the central limit theorem to justify normal approximations in sampling distributions,Math 300,mathematical_modeling|quantitative_estimation|logical_structure_analysis|inference_calibration
Design a basic statistical study and identify potential sources of bias and confounding,Math 300,experimental_design|bias_recognition|quantitative_reasoning|design_iteration|assumption_identification
Compute and interpret effect sizes alongside p-values to assess practical significance,Math 300,data_interpretation|inference_calibration|quantitative_reasoning|logical_structure_analysis
Apply non-parametric tests when parametric assumptions are violated,Math 300,assumption_identification|solution_validation|mathematical_modeling|scientific_skepticism
Use statistical software to clean explore and analyze real-world datasets,Math 300,technology_awareness|data_interpretation|quantitative_reasoning|design_iteration
Communicate statistical findings to a non-technical audience with appropriate caveats,Math 300,audience_adaptation|precision_of_language|oral_delivery|visual_communication|written_mechanics
Evaluate published statistical claims and identify errors in reasoning or methodology,Math 300,evidence_evaluation|failure_mode_analysis|logical_structure_analysis|scientific_skepticism|assumption_identification
Apply probability models to simulate and analyze decision outcomes under uncertainty,Math 300,uncertainty_tolerance|quantitative_reasoning|mathematical_modeling|decision_framing
Demonstrate understanding of sample size and power considerations in study design,Math 300,design_iteration|quantitative_reasoning|experimental_design|inference_calibration
Identify and address violations of regression model assumptions in applied contexts,Math 300,assumption_identification|model_limitations|mathematical_modeling|data_interpretation|scientific_skepticism
Calculate probabilities using discrete and continuous probability distributions,Math 356,mathematical_modeling|quantitative_reasoning|logical_structure_analysis
Apply statistical inference methods to draw conclusions from engineering and scientific data,Math 356,inference_calibration|data_interpretation|quantitative_reasoning|evidence_evaluation|logical_structure_analysis
Construct and evaluate confidence intervals and conduct hypothesis tests in technical contexts,Math 356,hypothesis_formation|solution_validation|quantitative_reasoning|inference_calibration|data_interpretation
Build and interpret simple and multiple regression models for technical applications,Math 356,mathematical_modeling|data_interpretation|inference_calibration|model_limitations|quantitative_reasoning
Use data visualization and management tools to explore and communicate technical data,Math 356,visual_communication|technology_awareness|data_interpretation|audience_adaptation
Apply statistical design-of-experiments reasoning to interpret results from technical studies,Math 356,experimental_design|data_interpretation|logical_structure_analysis|quantitative_reasoning|design_iteration
Critically evaluate data-based claims as an informed technical decision-maker,Math 356,evidence_evaluation|scientific_skepticism|logical_structure_analysis|assumption_identification|inference_calibration
Apply the central limit theorem to justify sampling distribution approximations in engineering contexts,Math 356,quantitative_estimation|mathematical_modeling|inference_calibration|logical_structure_analysis
Use statistical process control techniques to monitor and improve engineering processes,Math 356,replication_and_reproducibility|solution_validation|quantitative_reasoning|data_interpretation|systems_thinking
Identify and handle outliers missing data and non-normal distributions in engineering datasets,Math 356,data_interpretation|failure_mode_analysis|scientific_skepticism|model_limitations
Apply reliability engineering concepts including failure rates and survival analysis,Math 356,failure_mode_analysis|mathematical_modeling|quantitative_reasoning|systems_thinking|interdisciplinary_transfer
Communicate statistical analysis findings in technical reports and presentations,Math 356,written_mechanics|oral_delivery|data_interpretation|audience_adaptation|visual_communication
Evaluate the assumptions underlying statistical models and test for violations,Math 356,assumption_identification|model_limitations|scientific_skepticism|mathematical_modeling|logical_structure_analysis
Develop simulation models to analyze variability in engineering systems,Math 356,mathematical_modeling|systems_thinking|quantitative_reasoning|technology_awareness
Apply Bayesian reasoning to update probabilities given new evidence in engineering decisions,Math 356,inference_calibration|evidence_evaluation|mathematical_modeling|quantitative_reasoning|uncertainty_tolerance
Distinguish between correlation and causation and apply this distinction in engineering analysis,Math 356,logical_structure_analysis|inference_calibration|scientific_skepticism|assumption_identification
Design a full factorial or fractional factorial experiment and analyze the results,Math 356,experimental_design|design_iteration|data_interpretation|quantitative_reasoning|solution_validation
Apply acceptance sampling plans and interpret operating characteristic curves,Math 356,data_interpretation|solution_validation|quantitative_reasoning|systems_thinking
Derive and apply calculus-based probability for continuous and discrete random variables,Math 377,mathematical_modeling|quantitative_reasoning|logical_structure_analysis
Work with common univariate and multivariate probability distributions,Math 377,mathematical_modeling|quantitative_reasoning|systems_thinking
Construct and interpret confidence intervals using appropriate sampling distributions,Math 377,inference_calibration|argument_construction|data_interpretation|quantitative_reasoning|uncertainty_tolerance
Perform formal hypothesis tests and correctly interpret results and error types,Math 377,hypothesis_formation|failure_mode_analysis|inference_calibration|logical_structure_analysis|quantitative_reasoning
Apply statistical software to perform data analysis and present findings,Math 377,technology_awareness|data_interpretation|oral_delivery|quantitative_reasoning|visual_communication
Demonstrate rigorous mathematical reasoning in probability proofs and derivations,Math 377,logical_structure_analysis|argument_construction|quantitative_reasoning|precision_of_language
Derive moment generating functions and use them to identify distributions and compute moments,Math 377,mathematical_modeling|quantitative_reasoning|logical_structure_analysis
Apply the law of large numbers and central limit theorem with rigorous proofs,Math 377,logical_structure_analysis|quantitative_reasoning|argument_construction|mathematical_modeling
Apply Bayesian inference including prior and posterior distributions and credible intervals,Math 377,inference_calibration|evidence_evaluation|mathematical_modeling|uncertainty_tolerance|quantitative_reasoning
Analyze maximum likelihood estimation and derive properties of estimators,Math 377,mathematical_modeling|logical_structure_analysis|quantitative_reasoning|evidence_evaluation
Evaluate goodness-of-fit using chi-squared and Kolmogorov-Smirnov tests,Math 377,solution_validation|data_interpretation|quantitative_reasoning|scientific_skepticism
Apply order statistics and extreme value theory to engineering and reliability contexts,Math 377,quantitative_reasoning|mathematical_modeling|failure_mode_analysis|interdisciplinary_transfer
Communicate probabilistic reasoning and statistical results in formal written proofs,Math 377,written_mechanics|precision_of_language|argument_construction|logical_organization
Explain the mathematical foundations of simulation methods including Monte Carlo,Math 377,mathematical_modeling|quantitative_reasoning|technology_awareness|systems_thinking
Apply multivariate statistical methods including principal component analysis,Math 377,systems_thinking|data_interpretation|mathematical_modeling|quantitative_reasoning
Demonstrate graduate-level mathematical reasoning through rigorous homework and exams,Math 377,logical_structure_analysis|argument_construction|quantitative_reasoning|accountability|resilience_under_adversity
Evaluate convergence in distribution vs convergence in probability with formal definitions,Math 377,logical_structure_analysis|quantitative_reasoning|precision_of_language|mathematical_modeling
Apply delta method to derive approximate distributions of transformed estimators,Math 377,mathematical_modeling|quantitative_estimation|logical_structure_analysis|quantitative_reasoning
Draw accurate free body diagrams and apply equilibrium equations to analyze structures and machines,Mech Engr 220,mathematical_modeling|visual_communication|logical_structure_analysis|quantitative_reasoning|solution_validation
Resolve forces and moments using vector algebra in two and three dimensions,Mech Engr 220,mathematical_modeling|quantitative_reasoning|logical_structure_analysis
Calculate internal forces stresses and strains in structural members under axial loads,Mech Engr 220,mathematical_modeling|solution_validation|quantitative_reasoning|quantitative_estimation
Analyze torsional loading in shafts and calculate resulting shear stress and angular deformation,Mech Engr 220,mathematical_modeling|quantitative_reasoning|solution_validation|data_interpretation
Analyze beams under flexural loading to determine bending stress and deflection,Mech Engr 220,mathematical_modeling|data_interpretation|quantitative_reasoning|visual_communication
Describe material properties including ductility stiffness and yield strength and their role in design,Mech Engr 220,design_iteration|trade_off_analysis|logical_structure_analysis|systems_thinking|technology_awareness
Select appropriate materials for aerospace structural applications based on properties and failure modes,Mech Engr 220,failure_mode_analysis|trade_off_analysis|decision_framing|requirements_analysis|systems_thinking
Conduct laboratory exercises to measure material properties and verify analytical predictions,Mech Engr 220,experimental_design|replication_and_reproducibility|data_interpretation|solution_validation|precision_of_language
Apply Mohr's circle to analyze combined stress states in structural members,Mech Engr 220,mathematical_modeling|quantitative_reasoning|logical_structure_analysis|visual_communication
Analyze columns under compressive loading and apply Euler's buckling formula,Mech Engr 220,mathematical_modeling|solution_validation|failure_mode_analysis|quantitative_reasoning
Evaluate stress concentrations and their effect on structural failure in aerospace components,Mech Engr 220,failure_mode_analysis|systems_thinking|inference_calibration|data_interpretation|model_limitations
Apply fatigue analysis principles to estimate the service life of mechanical components,Mech Engr 220,failure_mode_analysis|quantitative_estimation|mathematical_modeling|systems_thinking|inference_calibration
Use finite element method concepts to interpret computational structural analysis results,Mech Engr 220,technology_awareness|data_interpretation|model_limitations|inference_calibration|systems_thinking
Analyze statically indeterminate structures using compatibility and superposition methods,Mech Engr 220,mathematical_modeling|logical_structure_analysis|quantitative_reasoning|systems_thinking
Apply fracture mechanics principles to evaluate crack propagation and material toughness,Mech Engr 220,failure_mode_analysis|mathematical_modeling|quantitative_reasoning|inference_calibration|systems_thinking
Communicate engineering analysis through clear technical reports and engineering drawings,Mech Engr 220,written_mechanics|visual_communication|precision_of_language|logical_organization|audience_adaptation
Identify how material choice geometry and load interact in real aerospace structural failures,Mech Engr 220,systems_thinking|failure_mode_analysis|interdisciplinary_transfer|logical_structure_analysis|data_interpretation
Apply thermodynamic principles to analyze thermally induced stresses in constrained structures,Mech Engr 220,mathematical_modeling|systems_thinking|interdisciplinary_transfer|quantitative_reasoning
Describe and apply kinematic equations to analyze motion in one and two dimensions,Physics 110,mathematical_modeling|quantitative_reasoning|logical_structure_analysis
Apply Newton's laws of motion to solve statics and dynamics problems using free body diagrams,Physics 110,mathematical_modeling|visual_communication|quantitative_reasoning|logical_structure_analysis
Apply the work-energy theorem and conservation of energy to solve mechanics problems,Physics 110,mathematical_modeling|logical_structure_analysis|quantitative_reasoning|solution_validation
Apply conservation of linear and angular momentum to analyze collisions and rotational systems,Physics 110,mathematical_modeling|quantitative_reasoning|solution_validation|systems_thinking
Explain gravitational theory and apply orbital mechanics to satellite and planetary motion,Physics 110,mathematical_modeling|systems_thinking|quantitative_reasoning|interdisciplinary_transfer
Analyze simple harmonic motion and wave phenomena including frequency amplitude and resonance,Physics 110,mathematical_modeling|data_interpretation|quantitative_reasoning|systems_thinking
Use vectors and calculus-based methods to solve multi-dimensional physics problems,Physics 110,mathematical_modeling|quantitative_reasoning|logical_structure_analysis
Design and conduct in-class laboratory investigations and analyze collected data,Physics 110,experimental_design|data_interpretation|hypothesis_formation|replication_and_reproducibility|design_iteration
Apply the scientific method to evaluate models and interpret physical phenomena,Physics 110,hypothesis_formation|evidence_evaluation|scientific_skepticism|model_limitations|nature_of_science
Apply the impulse-momentum theorem to analyze collisions and explosive decomposition,Physics 110,mathematical_modeling|quantitative_reasoning|solution_validation|interdisciplinary_transfer
Describe the physics of fluid mechanics including pressure buoyancy and flow,Physics 110,systems_thinking|quantitative_reasoning|mathematical_modeling|interdisciplinary_transfer
Explain the principles of thermodynamics including heat transfer and the laws of thermodynamics,Physics 110,interdisciplinary_transfer|quantitative_reasoning|systems_thinking|mathematical_modeling
Analyze electric charge distributions and apply Coulomb's law to simple charge configurations,Physics 110,mathematical_modeling|quantitative_reasoning|logical_structure_analysis
Explain the relationship between electric fields and electric potential,Physics 110,logical_structure_analysis|mathematical_modeling|inference_calibration|systems_thinking
Apply the physics of rotation to analyze gyroscopic and precession effects in aerospace systems,Physics 110,mathematical_modeling|systems_thinking|quantitative_reasoning|interdisciplinary_transfer
Use uncertainty analysis to assess the reliability of experimental measurements,Physics 110,uncertainty_tolerance|data_interpretation|inference_calibration|failure_mode_analysis|replication_and_reproducibility
Apply dimensional analysis to verify equations and develop scaling relationships,Physics 110,mathematical_modeling|quantitative_reasoning|precision_of_language|solution_validation
Communicate lab findings through structured technical reports,Physics 110,written_mechanics|logical_organization|data_interpretation|precision_of_language|audience_adaptation
Analyze electrostatic forces and fields using Coulomb's law and Gauss's law,Physics 215,mathematical_modeling|quantitative_reasoning|logical_structure_analysis|systems_thinking
Analyze electric potential capacitance and energy storage in electric fields,Physics 215,mathematical_modeling|data_interpretation|quantitative_reasoning|systems_thinking
Apply Ohm's law and Kirchhoff's laws to analyze simple DC circuits,Physics 215,mathematical_modeling|solution_validation|quantitative_reasoning|logical_structure_analysis
Describe magnetic fields and forces on moving charges and current-carrying conductors,Physics 215,mathematical_modeling|quantitative_reasoning|logical_structure_analysis|interdisciplinary_transfer
Explain electromagnetic induction and apply Faraday's and Lenz's laws,Physics 215,mathematical_modeling|logical_structure_analysis|quantitative_reasoning|inference_calibration
Characterize electromagnetic waves and their propagation properties,Physics 215,mathematical_modeling|systems_thinking|quantitative_reasoning|data_interpretation
Analyze physical optics phenomena including interference diffraction and polarization,Physics 215,mathematical_modeling|data_interpretation|quantitative_reasoning|experimental_design
Use vectors and calculus to solve electromagnetic problems and interpret results,Physics 215,mathematical_modeling|quantitative_reasoning|logical_structure_analysis
Conduct laboratory investigations in electricity magnetism and optics,Physics 215,experimental_design|replication_and_reproducibility|data_interpretation|solution_validation|precision_of_language
Apply Maxwell's equations in integral form to analyze electromagnetic boundary conditions,Physics 215,mathematical_modeling|logical_structure_analysis|quantitative_reasoning|systems_thinking
Explain the physics of lasers fiber optics and photonic systems,Physics 215,technology_awareness|systems_thinking|interdisciplinary_transfer|logical_structure_analysis
Describe the quantum mechanical basis of atomic structure and spectroscopy,Physics 215,nature_of_science|logical_structure_analysis|scientific_skepticism|model_limitations|interdisciplinary_transfer
Explain the photoelectric effect wave-particle duality and the Heisenberg uncertainty principle,Physics 215,uncertainty_tolerance|scientific_skepticism|nature_of_science|model_limitations|change_and_continuity
Apply concepts of special relativity to analyze high-speed particle behavior,Physics 215,mathematical_modeling|model_limitations|logical_structure_analysis|quantitative_reasoning
Describe the principles of nuclear physics including radioactive decay and fission,Physics 215,nature_of_science|quantitative_reasoning|threat_assessment|interdisciplinary_transfer|logical_structure_analysis
Design and interpret laboratory experiments in optics and electromagnetism,Physics 215,experimental_design|design_iteration|data_interpretation|hypothesis_formation|replication_and_reproducibility
Apply electromagnetic principles to explain the operation of antennas and waveguides,Physics 215,mathematical_modeling|systems_thinking|interdisciplinary_transfer|technology_awareness
Communicate experimental results and theoretical analysis in formal laboratory reports,Physics 215,written_mechanics|data_interpretation|logical_organization|precision_of_language|audience_adaptation
Describe the basic structure and function of cells organelles and biological macromolecules,Biology 215,nature_of_science|logical_structure_analysis|systems_thinking|interdisciplinary_transfer
Explain the principles of genetics including DNA replication transcription translation and inheritance,Biology 215,replication_and_reproducibility|logical_structure_analysis|nature_of_science|systems_thinking
Describe modern genetic engineering techniques and their applications in medicine and defense,Biology 215,technology_awareness|threat_assessment|interdisciplinary_transfer|professional_responsibility
Explain evolutionary theory and apply it to understand biological diversity and adaptation,Biology 215,change_and_continuity|scientific_skepticism|nature_of_science|logical_structure_analysis|systems_thinking
Describe ecosystem structure and function and explain principles of integrated global ecology,Biology 215,systems_thinking|global_interconnectedness|logical_structure_analysis|interdisciplinary_transfer
Analyze human health and performance from a biological systems perspective,Biology 215,systems_thinking|physical_and_mental_discipline|interdisciplinary_transfer|data_interpretation|logical_structure_analysis
Apply the scientific method to design and conduct biological laboratory investigations,Biology 215,experimental_design|hypothesis_formation|replication_and_reproducibility|design_iteration|data_interpretation
Interpret biological data and draw conclusions with appropriate acknowledgment of uncertainty,Biology 215,data_interpretation|uncertainty_tolerance|inference_calibration|logical_structure_analysis|scientific_skepticism
Analyze ethical issues raised by modern biological science and its applications to society,Biology 215,professional_responsibility|stakeholder_identification|ethical_theory_application|moral_reasoning|socio_economic_analysis
Explain the mechanisms of the immune system and their implications for biodefense,Biology 215,systems_thinking|threat_assessment|interdisciplinary_transfer|logical_structure_analysis
Describe the biology and epidemiology of major infectious diseases relevant to military operations,Biology 215,threat_assessment|historical_context|systems_thinking|global_interconnectedness|data_interpretation
Analyze the principles of toxicology and their application to chemical and biological threat assessment,Biology 215,threat_assessment|inference_calibration|quantitative_reasoning|logical_structure_analysis|data_interpretation
Explain the neurological and physiological effects of extreme environments on human performance,Biology 215,physical_and_mental_discipline|systems_thinking|interdisciplinary_transfer|logical_structure_analysis|data_interpretation
Describe the mechanisms and applications of CRISPR and other gene-editing technologies,Biology 215,technology_awareness|nature_of_science|logical_structure_analysis|interdisciplinary_transfer
Analyze biosecurity threats including bioterrorism agents and pandemic pathogens,Biology 215,threat_assessment|failure_mode_analysis|geopolitical_analysis|systems_thinking|historical_context
Apply ecological principles to assess environmental impacts of military operations,Biology 215,stakeholder_identification|systems_thinking|interdisciplinary_transfer|logical_structure_analysis|global_interconnectedness
Evaluate the ethical implications of dual-use biological research and gain-of-function studies,Biology 215,moral_reasoning|professional_responsibility|stakeholder_identification|ethical_theory_application|scientific_skepticism
Explain the biology of human performance optimization including sleep nutrition and physical training,Biology 215,physical_and_mental_discipline|interdisciplinary_transfer|systems_thinking|logical_structure_analysis
Describe the history of spaceflight and the evolution of space missions,Astr Engr 310,historical_context|narrative_and_meaning|change_and_continuity|technology_awareness|professional_identity
Explain the orbital mechanics of two-body motion and apply Kepler's laws,Astr Engr 310,mathematical_modeling|quantitative_reasoning|logical_structure_analysis|systems_thinking
Calculate orbital parameters and perform orbital maneuver analysis including Hohmann transfers,Astr Engr 310,mathematical_modeling|quantitative_estimation|quantitative_reasoning|solution_validation
Describe the major subsystems of a spacecraft and explain their design drivers,Astr Engr 310,systems_thinking|design_iteration|requirements_analysis|trade_off_analysis
Explain launch vehicle operations and the physics of re-entry and recovery,Astr Engr 310,systems_thinking|quantitative_reasoning|mathematical_modeling|failure_mode_analysis
Apply the systems engineering process to accomplish preliminary mission design,Astr Engr 310,requirements_analysis|systems_thinking|design_iteration|trade_off_analysis|logical_organization
Use application-based software for orbital analysis and spacecraft visualization,Astr Engr 310,technology_awareness|visual_communication|quantitative_reasoning|data_interpretation
Communicate engineering analysis through written reports and technical presentations,Astr Engr 310,written_mechanics|oral_delivery|logical_organization|audience_adaptation|visual_communication
Explain principles of attitude determination and control for spacecraft,Astr Engr 310,mathematical_modeling|systems_thinking|quantitative_reasoning|logical_structure_analysis
Describe thermal control system design for space environments,Astr Engr 310,design_iteration|trade_off_analysis|systems_thinking|requirements_analysis|quantitative_reasoning
Analyze link budgets for space communication systems,Astr Engr 310,quantitative_reasoning|resource_and_logistics_reasoning|mathematical_modeling|systems_thinking
Explain the effects of the space environment on spacecraft materials and electronics,Astr Engr 310,failure_mode_analysis|systems_thinking|data_interpretation|technology_awareness
Describe propulsion systems used for orbital maneuvers and attitude control,Astr Engr 310,systems_thinking|trade_off_analysis|quantitative_reasoning|mathematical_modeling
Evaluate the lifecycle cost and schedule tradeoffs in spacecraft program planning,Astr Engr 310,trade_off_analysis|resource_stewardship|resource_and_logistics_reasoning|decision_framing|quantitative_estimation
Apply risk analysis methods to identify and mitigate mission failure modes,Astr Engr 310,failure_mode_analysis|requirements_analysis|quantitative_reasoning|decision_framing|systems_thinking
Describe the role of space systems in national security and joint warfighting,Astr Engr 310,strategic_thinking|alliance_and_coalition_dynamics|geopolitical_analysis|intelligence_literacy|systems_thinking
Explain international treaties norms and legal frameworks governing space operations,Astr Engr 310,law_of_armed_conflict|geopolitical_analysis|global_interconnectedness|historical_context|professional_responsibility
Demonstrate ability to work in an integrated product team to advance a mission design,Astr Engr 310,team_dynamics|commitment_to_service|organizational_design|interpersonal_influence|accountability
Explain the fundamental principles of fluid mechanics relevant to aeronautical applications,Aero Engr 315,mathematical_modeling|quantitative_reasoning|logical_structure_analysis|systems_thinking
Apply aerodynamic theory including airfoil and wing aerodynamics to analyze lift and drag,Aero Engr 315,mathematical_modeling|systems_thinking|quantitative_reasoning|logical_structure_analysis
Analyze steady and accelerated aircraft performance including climb cruise turn and range,Aero Engr 315,mathematical_modeling|trade_off_analysis|quantitative_reasoning|data_interpretation|decision_framing
Explain aircraft static and dynamic stability and control principles,Aero Engr 315,systems_thinking|mathematical_modeling|logical_structure_analysis|quantitative_reasoning|inference_calibration
Apply a systematic top-down engineering design process to aircraft design problems,Aero Engr 315,requirements_analysis|design_iteration|systems_thinking|logical_organization|organizational_design
Synthesize economic political and non-technical considerations in aircraft design decisions,Aero Engr 315,trade_off_analysis|stakeholder_identification|socio_economic_analysis|decision_framing|systems_thinking
Evaluate competing design tradeoffs using quantitative analysis and engineering judgment,Aero Engr 315,trade_off_analysis|decision_framing|quantitative_reasoning|inference_calibration|logical_structure_analysis
Apply compressible flow equations to analyze high-speed aerodynamics and shock waves,Aero Engr 315,mathematical_modeling|quantitative_reasoning|systems_thinking|logical_structure_analysis
Explain propulsion system types and analyze thrust and fuel efficiency for different flight regimes,Aero Engr 315,systems_thinking|trade_off_analysis|quantitative_reasoning|mathematical_modeling|data_interpretation
Analyze the aeroelastic interaction between structural flexibility and aerodynamic loading,Aero Engr 315,systems_thinking|failure_mode_analysis|mathematical_modeling|logical_structure_analysis|inference_calibration
Describe human factors considerations in aircraft cockpit and system design,Aero Engr 315,design_iteration|stakeholder_identification|systems_thinking|logical_structure_analysis|requirements_analysis
Evaluate environmental and sustainability factors in aircraft design and operations,Aero Engr 315,stakeholder_identification|trade_off_analysis|systems_thinking|socio_economic_analysis|ethical_theory_application
Apply computational fluid dynamics concepts to interpret aerodynamic simulation results,Aero Engr 315,technology_awareness|data_interpretation|inference_calibration|model_limitations|systems_thinking
Describe the integration of avionics and flight control systems in modern aircraft,Aero Engr 315,systems_thinking|technology_awareness|logical_structure_analysis|interdisciplinary_transfer
Analyze survivability and vulnerability considerations in military aircraft design,Aero Engr 315,threat_assessment|design_iteration|failure_mode_analysis|trade_off_analysis|requirements_analysis
Communicate aircraft design analysis through a formal design review presentation,Aero Engr 315,oral_delivery|written_mechanics|visual_communication|logical_organization|audience_adaptation
Evaluate the implications of emerging propulsion technologies such as electric and hybrid systems,Aero Engr 315,inference_calibration|technology_awareness|trade_off_analysis|systems_thinking|change_and_continuity
Apply structural load analysis to determine aircraft structural sizing requirements,Aero Engr 315,mathematical_modeling|requirements_analysis|quantitative_reasoning|solution_validation|failure_mode_analysis
Represent and analyze signals in time and frequency domains,ECE 315,mathematical_modeling|data_interpretation|quantitative_reasoning|logical_structure_analysis|systems_thinking
Analyze analog and digital electronic circuits using fundamental circuit laws,ECE 315,mathematical_modeling|solution_validation|quantitative_reasoning|logical_structure_analysis
Describe the operation of radio-frequency systems including modulation transmission and reception,ECE 315,systems_thinking|technology_awareness|logical_structure_analysis|quantitative_reasoning|interdisciplinary_transfer
Explain the principles and operation of radar systems used in Air Force applications,ECE 315,systems_thinking|strategic_thinking|technology_awareness|mathematical_modeling|quantitative_reasoning
Describe electrical power generation distribution and storage systems,ECE 315,systems_thinking|quantitative_reasoning|mathematical_modeling|technology_awareness
Analyze digital networks and explain how data is transmitted and processed,ECE 315,systems_thinking|data_interpretation|logical_structure_analysis|mathematical_modeling|technology_awareness
Evaluate electronic warfare concepts including jamming and countermeasures,ECE 315,threat_assessment|trade_off_analysis|systems_thinking|geopolitical_analysis|intelligence_literacy
Apply engineering problem-solving methods to analyze Air Force electronic and cyber systems,ECE 315,requirements_analysis|systems_thinking|design_iteration|logical_structure_analysis|trade_off_analysis
Apply phasor analysis and impedance to analyze AC power circuits,ECE 315,mathematical_modeling|quantitative_reasoning|logical_structure_analysis|solution_validation
Design and evaluate a complete electronic subsystem for an Air Force sensor application,ECE 315,design_iteration|trade_off_analysis|requirements_analysis|systems_thinking|solution_validation
Apply Fourier transform techniques to analyze signal spectra and bandwidth,ECE 315,mathematical_modeling|quantitative_reasoning|data_interpretation|logical_structure_analysis
Explain the principles of phased-array antennas and their military applications,ECE 315,systems_thinking|technology_awareness|strategic_thinking|mathematical_modeling|geopolitical_analysis
Describe GPS signal structure and analyze vulnerabilities to jamming and spoofing,ECE 315,failure_mode_analysis|threat_assessment|systems_thinking|technology_awareness|intelligence_literacy
Evaluate electromagnetic compatibility requirements for co-site interference mitigation,ECE 315,failure_mode_analysis|requirements_analysis|systems_thinking|solution_validation
Apply digital modulation analysis to assess communication link performance,ECE 315,mathematical_modeling|quantitative_reasoning|data_interpretation|systems_thinking
Demonstrate laboratory proficiency in RF signal generation measurement and analysis,ECE 315,experimental_design|data_interpretation|replication_and_reproducibility|precision_of_language|solution_validation
Communicate a subsystem design analysis through a formal engineering design review,ECE 315,oral_delivery|written_mechanics|visual_communication|audience_adaptation|logical_organization
Identify emerging directed-energy technologies and their operational implications,ECE 315,technology_awareness|inference_calibration|geopolitical_analysis|threat_assessment|strategic_thinking
Analyze resistive circuits using Ohm's law Kirchhoff's laws and network theorems,ECE 215,mathematical_modeling|quantitative_reasoning|logical_structure_analysis|solution_validation
Describe power generation and storage systems and analyze basic power circuits,ECE 215,systems_thinking|quantitative_reasoning|mathematical_modeling|technology_awareness
Explain the fundamentals of signal processing including sampling filtering and Fourier analysis,ECE 215,mathematical_modeling|logical_structure_analysis|quantitative_reasoning|systems_thinking
Describe digital and analog communication systems and their Air Force applications,ECE 215,systems_thinking|technology_awareness|logical_structure_analysis|interdisciplinary_transfer
Explain the operation of radar systems and analyze basic radar performance parameters,ECE 215,systems_thinking|quantitative_reasoning|mathematical_modeling|technology_awareness
Describe jamming techniques and electronic warfare countermeasures,ECE 215,threat_assessment|trade_off_analysis|systems_thinking|intelligence_literacy|geopolitical_analysis
Apply circuit analysis and signal processing principles to solve Air Force electronic warfare problems,ECE 215,requirements_analysis|systems_thinking|mathematical_modeling|logical_structure_analysis|trade_off_analysis
Apply phasor analysis to analyze AC circuits in steady-state sinusoidal operation,ECE 215,mathematical_modeling|quantitative_reasoning|logical_structure_analysis|solution_validation
Design and analyze simple RC RL and RLC filter circuits and predict their frequency response,ECE 215,design_iteration|mathematical_modeling|quantitative_reasoning|systems_thinking|solution_validation
Explain the operation of diodes transistors and basic amplifier circuits,ECE 215,logical_structure_analysis|technology_awareness|mathematical_modeling|systems_thinking
Apply Thevenin and Norton equivalent circuit theorems to simplify complex networks,ECE 215,mathematical_modeling|logical_structure_analysis|quantitative_reasoning|systems_thinking
Describe the principles and applications of analog-to-digital and digital-to-analog conversion,ECE 215,systems_thinking|technology_awareness|mathematical_modeling|logical_structure_analysis
Analyze the impact of noise on electronic system performance and apply mitigation strategies,ECE 215,failure_mode_analysis|systems_thinking|quantitative_reasoning|data_interpretation|mathematical_modeling
Demonstrate laboratory skills by building testing and troubleshooting electronic circuits,ECE 215,experimental_design|solution_validation|replication_and_reproducibility|failure_mode_analysis|data_interpretation
Communicate circuit design and analysis results through formal technical reports,ECE 215,written_mechanics|data_interpretation|logical_organization|precision_of_language|visual_communication
Evaluate emerging electronic technologies and their potential Air Force applications,ECE 215,inference_calibration|technology_awareness|strategic_thinking|interdisciplinary_transfer
Apply simulation tools to model and verify electronic circuit behavior,ECE 215,mathematical_modeling|replication_and_reproducibility|solution_validation|technology_awareness
Describe the electromagnetic compatibility requirements and test methods for military electronics,ECE 215,requirements_analysis|failure_mode_analysis|systems_thinking|solution_validation|technology_awareness
Describe and compare major normative ethical theories including consequentialism deontology and virtue ethics,Philos 210,ethical_theory_application|moral_reasoning|logical_structure_analysis|perspective_taking|assumption_identification
Apply ethical theories to analyze and evaluate contemporary moral problems and dilemmas,Philos 210,moral_reasoning|logical_structure_analysis|ethical_theory_application|evidence_evaluation|inference_calibration
Evaluate ethical dimensions of the profession of arms and the responsibilities of military officers,Philos 210,professional_responsibility|oath_and_obligation|moral_reasoning|professional_identity|values_clarification
Reason through the ethics of war including principles of just war theory,Philos 210,law_of_armed_conflict|moral_reasoning|ethical_theory_application|logical_structure_analysis|historical_context
Identify and navigate the civic and international contexts in which the U.S. military operates ethically,Philos 210,geopolitical_analysis|civil_military_relations|moral_reasoning|global_interconnectedness|stakeholder_identification
Recognize how social cultural and institutional factors shape ethical judgment and behavior,Philos 210,social_structures|cross_cultural_ethics|moral_reasoning|human_nature_inquiry|identity_and_diversity
Cultivate the virtues of integrity service before self and excellence as habits of character,Philos 210,core_values_internalization|integrity_and_honesty|commitment_to_service|values_clarification|professional_identity
Construct well-reasoned ethical arguments and evaluate the arguments of others,Philos 210,argument_construction|logical_structure_analysis|evidence_evaluation|moral_reasoning|ethical_theory_application
Explain metaethical positions including moral realism relativism and constructivism,Philos 210,moral_reasoning|assumption_identification|logical_structure_analysis|perspective_taking|human_nature_inquiry
Analyze the ethics of leadership command responsibility and superior orders,Philos 210,moral_reasoning|civil_military_relations|professional_responsibility|ethical_theory_application|accountability
Apply philosophical reasoning to emerging ethical challenges posed by autonomous weapons and AI,Philos 210,ethical_theory_application|uncertainty_tolerance|logical_structure_analysis|moral_reasoning|technology_awareness
Describe the relationship between law morality and military necessity in armed conflict,Philos 210,law_of_armed_conflict|moral_reasoning|logical_structure_analysis|professional_responsibility|historical_context
Evaluate case studies in military ethics including historical atrocities and whistleblowing,Philos 210,moral_courage|historical_context|moral_reasoning|ethical_theory_application|evidence_evaluation
Engage with diverse philosophical traditions including non-Western ethical frameworks,Philos 210,cross_cultural_ethics|perspective_taking|cultural_literacy|moral_reasoning|assumption_identification
Apply philosophical methods to personal decision-making and officer development,Philos 210,self_leadership|values_clarification|decision_framing|metacognitive_awareness|professional_identity
Explain the connection between professional virtue ethics and institutional culture,Philos 210,professional_identity|core_values_internalization|moral_reasoning|organizational_design|cultural_literacy
Construct a personal ethical framework by integrating course content with lived experience,Philos 210,self_leadership|ethical_theory_application|values_clarification|metacognitive_awareness|integrity_and_honesty
Evaluate competing moral claims about civil-military relations and democratic accountability,Philos 210,civil_military_relations|accountability|moral_reasoning|argument_construction|evidence_evaluation
Explain the theoretical foundations and traditions of American democracy and constitutional government,Pol Sci 211,cultural_literacy|historical_context|social_structures|civil_military_relations|narrative_and_meaning
Describe the structure powers and interrelationships of the three branches of the U.S. government,Pol Sci 211,organizational_design|social_structures|logical_structure_analysis|systems_thinking|historical_context
Analyze how policy is made within the American political system and explain key decision-making processes,Pol Sci 211,decision_framing|systems_thinking|organizational_design|stakeholder_identification|logical_structure_analysis
Explain the development of U.S. national security strategy and its constitutional foundations,Pol Sci 211,strategic_thinking|historical_context|civil_military_relations|geopolitical_analysis|logical_structure_analysis
Describe the nature and history of civil-military relations in the American republic,Pol Sci 211,civil_military_relations|historical_context|narrative_and_meaning|social_structures|change_and_continuity
Analyze the role of the military within the American political system and democratic accountability,Pol Sci 211,civil_military_relations|accountability|social_structures|systems_thinking|logical_structure_analysis
Explain how domestic politics and institutional structure shape national security policy outcomes,Pol Sci 211,social_structures|organizational_design|systems_thinking|geopolitical_analysis|logical_structure_analysis
Explain the role of political parties interest groups and media in shaping U.S. defense policy,Pol Sci 211,social_structures|stakeholder_identification|geopolitical_analysis|systems_thinking|civil_military_relations
Describe the legislative process for defense authorization and appropriations,Pol Sci 211,organizational_design|resource_and_logistics_reasoning|systems_thinking|logical_structure_analysis|civil_military_relations
Analyze the constitutional powers of the commander in chief and their limits,Pol Sci 211,civil_military_relations|rights_and_duties|logical_structure_analysis|historical_context|social_structures
Explain the role of the National Security Council and interagency process in policy coordination,Pol Sci 211,organizational_design|alliance_and_coalition_dynamics|systems_thinking|decision_framing|strategic_thinking
Evaluate the influence of public opinion media and think tanks on national security decision-making,Pol Sci 211,geopolitical_analysis|social_structures|stakeholder_identification|evidence_evaluation|bias_recognition
Describe the constitutional and legal frameworks governing the use of military force,Pol Sci 211,law_of_armed_conflict|civil_military_relations|rights_and_duties|historical_context|logical_structure_analysis
Apply theories of democratic governance to evaluate civil-military challenges in comparative context,Pol Sci 211,civil_military_relations|logical_structure_analysis|perspective_taking|historical_context|evidence_evaluation
Analyze the role of international organizations and alliances in U.S. security policy,Pol Sci 211,alliance_and_coalition_dynamics|geopolitical_analysis|global_interconnectedness|logical_organization|strategic_thinking
Evaluate the historical development of executive war powers and their contemporary implications,Pol Sci 211,historical_context|civil_military_relations|change_and_continuity|inference_calibration|logical_structure_analysis
Describe federalism and its implications for domestic military operations and National Guard employment,Pol Sci 211,organizational_design|civil_military_relations|systems_thinking|logical_structure_analysis|historical_context
Construct a policy brief on a national security issue drawing on political science frameworks,Pol Sci 211,argument_construction|decision_framing|inference_calibration|written_mechanics|logical_organization
Explain major theories of the causes of war and conditions for international peace,Soc Sci 311,geopolitical_analysis|logical_structure_analysis|evidence_evaluation|historical_context|systems_thinking
Describe the instruments of national power and how they are integrated to accomplish national objectives,Soc Sci 311,strategic_thinking|requirements_analysis|systems_thinking|interdisciplinary_transfer|geopolitical_analysis
Apply Clausewitzian theory to analyze the relationship between politics and the use of military force,Soc Sci 311,strategic_thinking|evidence_evaluation|logical_structure_analysis|historical_context|geopolitical_analysis
Analyze the dynamics of great power competition and current U.S. defense priorities,Soc Sci 311,geopolitical_analysis|threat_assessment|strategic_thinking|deterrence_theory|global_interconnectedness
Integrate political legal economic and military factors in strategic analysis of conflicts,Soc Sci 311,strategic_thinking|intelligence_literacy|interdisciplinary_transfer|systems_thinking|logical_structure_analysis
Evaluate U.S. foreign and national security policy through thematic and case-study analysis,Soc Sci 311,evidence_evaluation|geopolitical_analysis|inference_calibration|historical_context|logical_structure_analysis
Construct and defend informed strategic analysis using evidence from multiple disciplines,Soc Sci 311,argument_construction|strategic_thinking|evidence_evaluation|interdisciplinary_transfer|logical_organization
Explain the role of non-state actors terrorism and irregular warfare in contemporary security,Soc Sci 311,geopolitical_analysis|threat_assessment|systems_thinking|historical_context|failure_mode_analysis
Describe key elements of U.S. defense policy including NDS NMS and ODNI frameworks,Soc Sci 311,strategic_thinking|decision_framing|organizational_design|geopolitical_analysis|intelligence_literacy
Apply deterrence theory to evaluate current U.S. approaches to great power competition,Soc Sci 311,deterrence_theory|geopolitical_analysis|strategic_thinking|evidence_evaluation|logical_structure_analysis
Analyze the role of economic instruments of national power in coercive and cooperative strategies,Soc Sci 311,socio_economic_analysis|strategic_thinking|geopolitical_analysis|systems_thinking|historical_context
Evaluate the legal and ethical constraints on the use of force under international law,Soc Sci 311,law_of_armed_conflict|moral_reasoning|geopolitical_analysis|professional_responsibility|ethical_theory_application
Describe the role of space cyber and information operations as instruments of national power,Soc Sci 311,strategic_thinking|technology_awareness|geopolitical_analysis|systems_thinking|intelligence_literacy
Apply alliance theory to evaluate the credibility and cohesion of current U.S.-led alliances,Soc Sci 311,alliance_and_coalition_dynamics|deterrence_theory|geopolitical_analysis|evidence_evaluation|logical_structure_analysis
Analyze the strategic implications of nuclear proliferation and arms control regimes,Soc Sci 311,deterrence_theory|geopolitical_analysis|strategic_thinking|historical_context|threat_assessment
Develop and present a strategic analysis product suitable for a senior decision-maker,Soc Sci 311,oral_delivery|strategic_communication|written_mechanics|audience_adaptation|logical_organization
Evaluate the interplay of domestic political constraints and international security commitments,Soc Sci 311,civil_military_relations|geopolitical_analysis|systems_thinking|global_interconnectedness|logical_structure_analysis
Describe the history and strategic implications of the global commons sea air space and cyber,Soc Sci 311,historical_context|strategic_thinking|geopolitical_analysis|global_interconnectedness|narrative_and_meaning
Explain the theory of airpower and the historical development of air space and cyber power,MSS 251,strategic_thinking|historical_context|change_and_continuity|geopolitical_analysis|narrative_and_meaning
Describe the joint warfighting construct and the integration of multi-domain operations,MSS 251,alliance_and_coalition_dynamics|systems_thinking|organizational_design|strategic_thinking|logical_structure_analysis
Apply concepts of operational art to plan and analyze military operations,MSS 251,strategic_thinking|decision_framing|logical_structure_analysis|systems_thinking|requirements_analysis
Analyze the role of air space and cyber power across the range of military operations,MSS 251,strategic_thinking|geopolitical_analysis|systems_thinking|intelligence_literacy|historical_context
Explain national security strategy and how military power supports national interests and objectives,MSS 251,strategic_thinking|requirements_analysis|geopolitical_analysis|civil_military_relations|logical_structure_analysis
Engage in strategic and operational decision wargaming to apply military strategy concepts,MSS 251,decision_framing|strategic_thinking|team_dynamics|active_listening|perspective_taking
Produce written analysis of military strategy problems drawing on doctrine and theory,MSS 251,written_mechanics|argument_construction|logical_organization|evidence_evaluation|precision_of_language
Evaluate the effectiveness of military force as an instrument of policy in specific historical cases,MSS 251,evidence_evaluation|historical_context|logical_structure_analysis|inference_calibration|geopolitical_analysis
Describe the major air campaigns of World War II and their influence on airpower doctrine,MSS 251,historical_context|change_and_continuity|geopolitical_analysis|narrative_and_meaning|technology_awareness
Explain the evolution of space power from early reconnaissance satellites to modern multi-domain operations,MSS 251,historical_context|technology_awareness|change_and_continuity|systems_thinking|strategic_thinking
Analyze the role of air and space power in recent conflicts including operations in Iraq and Afghanistan,MSS 251,historical_context|geopolitical_analysis|evidence_evaluation|logical_structure_analysis|systems_thinking
Describe the principles and challenges of multi-domain command and control,MSS 251,organizational_design|systems_thinking|alliance_and_coalition_dynamics|logical_structure_analysis|decision_framing
Apply targeting theory and the joint targeting cycle to analyze operational planning scenarios,MSS 251,law_of_armed_conflict|decision_framing|logical_structure_analysis|professional_responsibility|requirements_analysis
Explain the role of intelligence surveillance and reconnaissance in enabling air and space operations,MSS 251,intelligence_literacy|threat_assessment|systems_thinking|technology_awareness|geopolitical_analysis
Evaluate the ethical and legal constraints on the application of airpower and lethal force,MSS 251,law_of_armed_conflict|professional_responsibility|moral_reasoning|ethical_theory_application|civil_military_relations
Describe the organizational structure and mission of the U.S. Space Force,MSS 251,organizational_design|commitment_to_service|professional_identity|strategic_thinking|logical_structure_analysis
Analyze how adversary anti-access area-denial strategies challenge U.S. airpower employment,MSS 251,threat_assessment|geopolitical_analysis|strategic_thinking|systems_thinking|logical_structure_analysis
Apply cost imposition theory to evaluate the effectiveness of airpower as a coercive instrument,MSS 251,deterrence_theory|resource_and_logistics_reasoning|strategic_thinking|geopolitical_analysis|trade_off_analysis
Demonstrate knowledge of the Uniform Code of Military Justice and Air Force standards of conduct,Mil Tng 100,professional_responsibility|oath_and_obligation|accountability|professional_identity|integrity_and_honesty
Perform basic military customs courtesies drill and manual of arms to standard,Mil Tng 100,physical_and_mental_discipline|core_values_internalization|accountability|professional_identity|commitment_to_service
Complete field encampment training and basic Air Force weapons familiarization,Mil Tng 100,physical_and_mental_discipline|resilience_under_adversity|commitment_to_service|team_dynamics|accountability
Articulate and begin to internalize the principles of living honorably in the profession of arms,Mil Tng 100,oath_and_obligation|integrity_and_honesty|core_values_internalization|values_clarification|professional_identity
Demonstrate perseverance and resilience when facing physical and mental challenges during BCT,Mil Tng 100,resilience_under_adversity|physical_and_mental_discipline|accountability|esprit_de_corps|commitment_to_service
Transition from civilian life to military culture understanding rank organization and service values,Mil Tng 100,commitment_to_service|professional_identity|cultural_literacy|organizational_design|values_clarification
Demonstrate basic land navigation skills including map reading and use of a compass,Mil Tng 100,quantitative_reasoning|visual_communication|decision_framing|technology_awareness
Explain the Air Force rank structure and chain of command from the unit to the national level,Mil Tng 100,organizational_design|commitment_to_service|logical_organization|systems_thinking|professional_identity
Apply principles of effective followership in support of assigned missions and supervisors,Mil Tng 100,commitment_to_service|accountability|interpersonal_influence|esprit_de_corps|values_clarification
Demonstrate physical fitness standards required for entry into the commissioned officer corps,Mil Tng 100,physical_and_mental_discipline|accountability|resilience_under_adversity|commitment_to_service
Describe the historical traditions and customs of the Air Force and the broader American military,Mil Tng 100,cultural_literacy|historical_context|narrative_and_meaning|professional_identity|commitment_to_service
Apply basic first aid and Tactical Combat Casualty Care skills in a field exercise context,Mil Tng 100,physical_and_mental_discipline|commitment_to_service|resilience_under_adversity|professional_responsibility|interdisciplinary_transfer
Demonstrate a basic understanding of mission planning and execution principles,Mil Tng 100,decision_framing|commitment_to_service|organizational_design|systems_thinking|logical_organization
Recognize and respond appropriately to situations requiring reporting of ethical violations,Mil Tng 100,moral_courage|integrity_and_honesty|professional_responsibility|accountability|values_clarification
Explain the roles and relationships among the military services and the joint force,Mil Tng 100,alliance_and_coalition_dynamics|organizational_design|systems_thinking|professional_identity|logical_structure_analysis
Apply time management and personal organization skills in a structured military training environment,Mil Tng 100,self_leadership|physical_and_mental_discipline|accountability|resource_stewardship|organizational_design
Describe the commissioning process and the expectations for new officers in the Air and Space Forces,Mil Tng 100,professional_identity|oath_and_obligation|commitment_to_service|organizational_design|values_clarification
Demonstrate the ability to work effectively in a diverse team under physical and mental stress,Mil Tng 100,team_dynamics|resilience_under_adversity|esprit_de_corps|identity_and_diversity|accountability
Demonstrate knowledge of pre-commissioning education requirements per DAFI 36-2614,CE 100,professional_responsibility|oath_and_obligation|accountability|professional_identity|commitment_to_service
Explain foundational officer professional military education content,CE 100,professional_identity|commitment_to_service|logical_structure_analysis|organizational_design
Score at or above 75% on open-book assessments of commissioning knowledge,CE 100,accountability|professional_responsibility|self_leadership|commitment_to_service
Integrate commissioning knowledge with leadership and character education,CE 100,self_leadership|commitment_to_service|values_clarification|metacognitive_awareness|professional_identity
Explain the commissioning oath and the legal and moral obligations it creates,CE 100,oath_and_obligation|rights_and_duties|moral_reasoning|professional_responsibility|values_clarification
Describe the structure and mission of the Air and Space Forces and their roles in the joint force,CE 100,organizational_design|commitment_to_service|logical_structure_analysis|alliance_and_coalition_dynamics|professional_identity
Apply Air Force core values to analyze officer conduct scenarios,CE 100,core_values_internalization|professional_identity|values_clarification|moral_reasoning|ethical_theory_application
Demonstrate knowledge of Air Force officer professional standards as defined in AFI 36-2618,CE 100,professional_responsibility|professional_identity|accountability|oath_and_obligation
Explain the content and purpose of joint professional military education across officer careers,CE 100,professional_identity|alliance_and_coalition_dynamics|self_leadership|commitment_to_service|change_and_continuity
Describe the role of the Air Force officer in supporting civilian control of the military,CE 100,civil_military_relations|professional_identity|oath_and_obligation|accountability|values_clarification
Identify the key milestones and responsibilities of a newly commissioned officer in the first assignment,CE 100,professional_identity|commitment_to_service|organizational_design|self_leadership|accountability
Evaluate the professional development expectations for officers across career stages,CE 100,self_leadership|professional_identity|change_and_continuity|metacognitive_awareness|organizational_design
Demonstrate understanding of military deference loyalty and the limits of lawful orders,CE 100,civil_military_relations|moral_courage|professional_responsibility|oath_and_obligation|integrity_and_honesty
Apply the precepts of the professional military ethic to personal leadership philosophy,CE 100,core_values_internalization|self_leadership|values_clarification|professional_identity|metacognitive_awareness
Explain the relationship between the commissioning curriculum and the demands of operational service,CE 100,commitment_to_service|professional_identity|interdisciplinary_transfer|organizational_design|historical_context
Produce a personal development plan linking commissioning knowledge to first-tour leadership goals,CE 100,self_leadership|organizational_design|written_mechanics|commitment_to_service|accountability
Demonstrate understanding of the responsibilities of an officer toward subordinates and peers,CE 100,mission_command|professional_identity|interpersonal_influence|integrity_and_honesty|accountability
Describe the process and significance of commissioning ceremonies and traditions,CE 100,cultural_literacy|oath_and_obligation|narrative_and_meaning|professional_identity|historical_context
Identify and compare major theoretical approaches to international relations including realism liberalism and constructivism,Soc Sci 212,strategic_thinking|geopolitical_analysis|logical_structure_analysis|assumption_identification
Explain how the structure and distribution of power in the international system shapes state behavior and foreign policy choices,Soc Sci 212,geopolitical_analysis|social_structures|inference_calibration
Apply international relations theory to explain the origins and dynamics of inter-state conflict and cooperation,Soc Sci 212,logical_structure_analysis|historical_context|evidence_evaluation
Analyze how state and non-state actors define and pursue security interests in an anarchic international system,Soc Sci 212,threat_assessment|geopolitical_analysis|strategic_thinking
Describe the concept of national interest and evaluate competing definitions of what constitutes core U.S. interests,Soc Sci 212,strategic_thinking|values_clarification|decision_framing
Evaluate the role of international institutions norms and law in enabling and constraining state behavior,Soc Sci 212,social_structures|rights_and_duties|global_interconnectedness
Explain the relationship between international political economy trade and national security strategy,Soc Sci 212,socio_economic_analysis|strategic_thinking|interdisciplinary_transfer
Analyze how economic interdependence and globalization shape patterns of cooperation and conflict between states,Soc Sci 212,socio_economic_analysis|global_interconnectedness|trade_off_analysis
Evaluate justice-based and normative critiques of the current international order from non-Western perspectives,Soc Sci 212,moral_reasoning|cross_cultural_ethics|perspective_taking
Apply security studies frameworks to assess the nature and severity of threats posed by state and nonstate actors,Soc Sci 212,threat_assessment|strategic_thinking|evidence_evaluation
Analyze the strategic implications of nuclear weapons proliferation and arms control regimes,Soc Sci 212,deterrence_theory|threat_assessment|geopolitical_analysis
Evaluate competing theoretical explanations for U.S. foreign and national security policy,Soc Sci 212,geopolitical_analysis|perspective_taking|inference_calibration
Describe the roles of international organizations such as the UN NATO and WTO in mediating great power relations,Soc Sci 212,global_interconnectedness|alliance_and_coalition_dynamics|social_structures
Evaluate the ethical and legal dimensions of humanitarian intervention and the responsibility to protect doctrine,Soc Sci 212,ethical_theory_application|moral_reasoning|rights_and_duties|law_of_armed_conflict
Apply balance-of-power and hegemonic stability theory to assess contemporary great power competition,Soc Sci 212,deterrence_theory|geopolitical_analysis|strategic_thinking
Explain democratic peace theory and evaluate its empirical support and policy implications,Soc Sci 212,logical_structure_analysis|evidence_evaluation|social_structures
Construct a structured theoretical analysis of a contemporary international security problem,Soc Sci 212,strategic_thinking|argument_construction|inference_calibration
Evaluate the national security implications of multipolarity and the relative decline of U.S. hegemony,Soc Sci 212,geopolitical_analysis|strategic_thinking|uncertainty_tolerance
Demonstrate knowledge of expanded Air Force officer responsibilities and professional standards at the third-class year level per DAFI 36-2614,CE 200,professional_responsibility|professional_identity|oath_and_obligation
Apply the Leader of Character Framework to evaluate interpersonal leadership decisions in the military context,CE 200,interpersonal_influence|self_leadership|core_values_internalization
Explain the ethical obligations of officers to lead subordinates with respect dignity and equity,CE 200,moral_reasoning|rights_and_duties|commitment_to_service
Apply major ethical frameworks to resolve dilemmas arising in officer-subordinate professional relationships,CE 200,ethical_theory_application|moral_reasoning|decision_framing
Describe Air Force legal and regulatory standards governing workplace climate sexual harassment and equal opportunity,CE 200,professional_responsibility|rights_and_duties|social_structures
Explain the officer's duty to maintain the welfare health and safety of assigned personnel,CE 200,professional_responsibility|rights_and_duties|commitment_to_service
Apply the concept of moral courage to scenarios requiring an officer to intervene against unethical behavior in a unit,CE 200,moral_courage|integrity_and_honesty|moral_reasoning
Describe the professional military ethic and explain how it governs conduct in officer-to-officer and officer-to-enlisted relationships,CE 200,professional_identity|core_values_internalization|integrity_and_honesty
Evaluate how Air Force core values of integrity service and excellence apply to everyday interpersonal leadership decisions,CE 200,core_values_internalization|values_clarification|integrity_and_honesty
Apply principles of dignity respect and inclusion to assess unit climate and identify areas for leader intervention,CE 200,rights_and_duties|cross_cultural_ethics|identity_and_diversity
Explain Air Force expectations for officer mentoring professional development and career counseling of subordinates,CE 200,interpersonal_influence|commitment_to_service|professional_responsibility
Describe legal and regulatory standards governing professional relationships officer conduct and fraternization,CE 200,professional_responsibility|integrity_and_honesty|law_of_armed_conflict
Apply UCMJ principles to evaluate the legal and ethical dimensions of officer misconduct scenarios,CE 200,law_of_armed_conflict|moral_reasoning|professional_responsibility
Explain the PME continuum and the intermediate-level commissioning education expected at the third-class year,CE 200,professional_identity|commitment_to_service|oath_and_obligation
Demonstrate knowledge of Air Force standards for performance counseling evaluation reports and subordinate development,CE 200,professional_responsibility|feedback_integration|interpersonal_influence
Evaluate scenarios involving competing obligations to mission institutional standards peers and individual subordinates,CE 200,values_clarification|moral_reasoning|uncertainty_tolerance
Recognize warning signs of toxic leadership and describe the officer's responsibility to report or address it,CE 200,moral_courage|integrity_and_honesty|accountability
Articulate a personal commitment to ethical leadership that integrates integrity service and excellence in interpersonal practice,CE 200,core_values_internalization|commitment_to_service|integrity_and_honesty
